accuracy_score,avg_response_time,error_rate,confusion_score,retry_count,memory_score,reading_time,risk_label
0.5713,2.4761,0.2556,0.5095,6.0,0.6171,5.8856,1
0.659,2.5321,0.3093,0.5817,3.0,0.3406,7.9985,1
0.7501,2.4834,0.0635,0.2313,0.0,0.5966,3.7791,0
0.9333,1.0837,0.2051,0.0862,5.0,0.4743,4.0348,0
0.8946,2.0565,0.2736,0.3309,2.0,0.6712,2.7869,0
0.6066,4.1195,0.1249,0.249,4.0,0.6696,4.7382,1
0.4685,3.828,0.1495,0.7627,4.0,0.5979,7.3588,1
0.6265,4.4466,0.2126,0.2723,2.0,0.7403,2.5759,0
0.7796,4.9163,0.393,0.6092,1.0,0.4882,3.2545,1
0.873,1.9718,0.2783,0.0413,3.0,0.6038,3.8731,0
0.4169,4.4214,0.3123,0.252,6.0,0.4607,6.577,1
0.7799,2.4361,0.1382,0.4749,2.0,0.6179,7.4059,1
0.7146,2.2328,0.2394,0.1365,3.0,0.7183,4.0134,0
0.6787,3.1922,0.6984,0.4765,5.0,0.2405,6.8412,1
0.8234,1.9862,0.2315,0.2527,0.0,0.7271,2.1608,0
0.5397,4.0758,0.2442,0.5455,2.0,0.4648,7.0667,1
0.4865,3.9136,0.1167,0.4325,4.0,0.2789,8.9774,1
0.6306,2.7134,0.2175,0.1723,1.0,0.7477,3.8904,0
0.8661,1.1436,0.1505,0.2878,1.0,0.4407,4.9544,0
0.7338,1.9872,0.1417,0.0802,3.0,0.8817,2.2003,0
0.706,3.9365,0.3206,0.5006,7.0,0.3241,6.3743,1
0.5014,2.4939,0.392,0.5664,3.0,0.4185,6.2446,1
0.418,5.1782,0.3034,0.7484,6.0,0.434,6.9648,1
0.4285,1.3947,0.1532,0.5033,2.0,0.5684,6.0163,1
0.4028,5.1641,0.1615,0.5148,7.0,0.5323,5.8646,1
0.7477,3.1347,0.1181,0.1605,0.0,0.9375,2.5766,0
0.505,4.6744,0.2123,0.4157,3.0,0.341,6.2491,1
0.7637,4.5349,0.3627,0.6788,7.0,0.5392,5.7904,1
0.7368,5.3178,0.4503,0.4104,2.0,0.6782,7.075,1
0.3735,4.069,0.3934,0.6203,6.0,0.4104,6.552,1
0.8968,4.2068,0.1875,0.6923,3.0,0.6512,7.5764,1
0.8585,2.3878,0.111,0.1363,2.0,0.6712,2.4507,0
0.6421,4.9753,0.1504,0.5819,6.0,0.359,6.2817,1
0.5265,4.6783,0.4245,0.6416,4.0,0.3897,5.8255,1
1.0,2.5025,0.2062,0.3288,4.0,0.7511,3.8979,0
0.7124,2.2429,0.1413,0.1924,1.0,0.751,5.5524,0
0.8966,2.3499,0.1815,0.1353,3.0,0.9166,2.513,0
0.907,1.6091,0.2591,0.2114,2.0,0.9116,3.3264,0
0.7704,3.9988,0.3355,0.4054,1.0,0.4843,4.6251,1
0.7904,3.6637,0.0146,0.069,4.0,0.7547,3.5077,0
0.6584,2.6414,0.479,0.7551,2.0,0.4703,8.6891,1
0.6625,1.6253,0.2847,0.3399,1.0,0.614,3.2771,0
0.528,2.5653,0.2396,0.5109,3.0,0.3931,4.5929,1
0.5954,2.491,0.3211,0.6019,6.0,0.3457,4.4803,1
0.6124,3.1022,0.4224,0.6653,3.0,0.5559,6.35,1
0.7777,3.2865,0.2501,0.1251,1.0,0.5413,4.6906,0
0.7319,2.692,0.0104,0.2802,3.0,0.8686,2.5144,0
0.6185,2.1035,0.3453,0.4042,3.0,0.7608,3.8614,0
0.8107,1.2653,0.1613,0.1853,3.0,0.917,3.9324,0
0.3946,2.8034,0.4614,0.7219,3.0,0.4679,7.7827,1
0.8366,3.7694,0.2306,0.255,0.0,0.8326,2.6505,0
0.953,3.0708,0.1737,0.0888,1.0,0.4785,4.1231,0
0.3661,6.0797,0.4266,0.4093,8.0,0.6376,8.0438,1
0.6965,1.6459,0.147,0.734,1.0,0.2579,8.6519,1
0.6758,2.8292,0.2156,0.2491,4.0,0.5015,5.4427,0
0.9326,2.1785,0.1606,0.3183,2.0,0.6645,3.926,0
0.5684,2.4238,0.2704,0.0196,1.0,0.6729,4.2138,0
0.779,2.0967,0.232,0.2498,1.0,0.9414,3.8376,0
0.8618,1.3643,0.0,0.0805,3.0,0.8516,3.5585,0
0.6752,3.1132,0.2901,0.7867,6.0,0.5459,4.6381,1
0.8788,3.4414,0.1692,0.1369,3.0,0.8124,1.0,0
0.8148,2.38,0.2366,0.186,1.0,0.987,2.5013,0
0.7024,3.7422,0.2253,0.1598,3.0,0.8147,4.0485,0
0.9004,3.1117,0.2064,0.1259,3.0,0.8995,3.8711,0
0.82,1.7809,0.4183,0.5921,5.0,0.2343,6.6162,1
0.6766,1.5882,0.2237,0.267,4.0,0.9239,4.2042,0
0.7539,3.0174,0.1165,0.0783,2.0,0.689,3.8214,0
0.6026,4.6725,0.3756,0.3871,5.0,0.4217,8.0147,1
0.3291,2.2368,0.3829,0.4805,2.0,0.2774,6.6931,1
0.7532,2.752,0.0539,0.227,2.0,0.8557,2.8657,0
0.9333,2.3796,0.184,0.0,3.0,0.627,3.363,0
0.6671,2.237,0.2565,0.4089,6.0,0.6235,7.3872,1
0.6633,4.9783,0.4033,0.5313,2.0,0.4801,4.4916,1
0.7053,3.2377,0.2806,0.2066,2.0,0.6936,1.0,0
0.6263,3.0027,0.2936,0.3119,3.0,0.5225,2.3055,0
0.6398,5.5166,0.2376,0.4918,6.0,0.4833,5.8733,1
1.0,3.1968,0.0466,0.0179,5.0,0.6319,1.8693,0
0.7005,1.5261,0.2825,0.1788,2.0,0.7705,3.4521,0
0.7842,1.8457,0.1857,0.3839,3.0,0.7286,3.2614,0
0.4036,2.5926,0.3906,0.5496,5.0,0.4586,2.9947,1
0.6263,4.3768,0.5238,0.6988,2.0,0.4056,6.3063,1
0.745,2.8965,0.0592,0.2555,5.0,0.6767,2.7909,0
0.6849,2.5667,0.1506,0.1983,1.0,0.9801,3.083,0
0.5576,5.6838,0.3141,0.6843,4.0,0.5262,7.5206,1
0.4738,4.4017,0.4917,0.4737,3.0,0.5225,6.361,1
0.9427,1.2116,0.1347,0.2506,2.0,0.7665,3.7536,0
0.5351,0.9584,0.1995,0.3561,1.0,0.1596,2.6955,0
0.6124,1.6619,0.1,0.4707,2.0,0.4242,5.4633,1
0.5772,4.3305,0.2598,0.6924,7.0,0.5006,7.1661,1
0.5311,3.0447,0.3979,0.5423,7.0,0.5121,7.6163,1
0.5223,2.2199,0.1391,0.6057,6.0,0.5596,7.0396,1
0.7016,2.9127,0.2051,0.1664,3.0,0.6886,4.0748,0
0.708,2.496,0.1567,0.2728,2.0,0.7465,4.1614,0
0.3731,3.5306,0.3667,0.544,3.0,0.6314,4.8466,1
0.3466,5.0315,0.5972,0.3787,5.0,0.3292,8.5401,1
0.9143,4.1684,0.1966,0.1418,3.0,0.9769,4.8336,0
0.6642,1.0456,0.0,0.242,2.0,0.5592,4.3209,0
0.6118,1.8153,0.0999,0.2602,1.0,0.6082,2.1249,0
0.7198,2.0134,0.3276,0.5972,4.0,0.3336,7.2689,1
0.9215,2.2615,0.152,0.0692,0.0,0.7257,5.8007,0
0.6323,3.8832,0.5115,0.4875,10.0,0.3699,6.1264,1
0.9124,2.8709,0.1839,0.1689,4.0,0.6384,3.4263,0
0.6513,3.5294,0.2679,0.2522,1.0,0.4722,3.2483,1
0.612,6.195,0.2428,0.4032,4.0,0.4211,6.3395,1
0.7572,1.784,0.0806,0.0619,0.0,0.6925,4.7577,0
0.6026,1.5352,0.1058,0.1003,1.0,0.9416,2.9389,0
0.8971,1.6843,0.1356,0.3065,3.0,0.8821,1.0,0
0.5658,4.5548,0.4184,0.4218,2.0,0.2131,6.2167,1
0.609,3.178,0.0737,0.2041,1.0,0.427,4.4486,0
0.3626,3.8517,0.2101,0.3295,2.0,0.3789,5.1498,1
0.6653,1.3042,0.0358,0.4022,3.0,0.9534,2.36,0
0.5156,3.3358,0.3285,0.5857,4.0,0.7472,5.1312,1
0.5021,4.0049,0.2579,0.3225,0.0,0.61,4.7024,0
0.806,2.7404,0.1286,0.4063,3.0,0.4057,2.3629,0
0.7414,2.3735,0.4306,0.464,0.0,0.7476,4.1735,0
0.8623,2.3213,0.1343,0.0122,0.0,0.7559,2.754,0
0.8583,2.1073,0.2981,0.2622,5.0,0.653,5.7013,1
0.7506,2.0429,0.2357,0.2469,4.0,0.7337,3.6798,0
0.8162,2.0898,0.4474,0.384,3.0,0.4843,3.4642,0
0.5962,2.5232,0.3838,0.7324,2.0,0.689,6.6694,1
0.6518,5.7032,0.4533,0.2593,4.0,0.3297,7.2133,1
0.5694,2.9234,0.4962,0.6953,1.0,0.7111,9.4026,1
0.623,4.5281,0.4777,0.4785,1.0,0.2393,6.5519,1
0.6902,4.3518,0.1112,0.0359,3.0,0.6028,5.69,0
0.8431,2.8058,0.4649,0.153,2.0,0.5721,4.9505,0
0.7134,4.8217,0.1257,0.3594,4.0,0.5097,7.3783,1
0.7306,4.3089,0.4992,0.4656,1.0,0.3813,6.6585,1
0.4316,4.9948,0.536,0.7036,4.0,0.3877,5.7196,1
0.7296,3.6476,0.1597,0.4959,2.0,0.5323,6.5467,1
0.696,1.8253,0.2069,0.26,4.0,0.8264,7.0642,0
0.5516,4.2834,0.3751,0.5614,5.0,0.5901,7.7082,1
0.791,2.0639,0.0939,0.2835,2.0,0.6922,3.8267,0
0.28,4.2211,0.2838,0.7077,5.0,0.1629,9.3139,1
0.4993,3.5209,0.3485,0.5664,2.0,0.6909,3.0625,1
0.9812,2.8238,0.2713,0.3014,1.0,0.5849,5.4106,0
0.7125,1.8375,0.149,0.3431,4.0,0.6741,3.0406,0
0.9628,1.8806,0.1916,0.0,0.0,0.678,2.3721,0
0.8173,3.1984,0.1018,0.0,1.0,0.7833,2.5089,0
0.8953,2.8739,0.3967,0.3093,1.0,0.1908,5.1706,1
0.6622,3.782,0.0932,0.3106,5.0,0.8133,2.8677,0
0.4577,4.7606,0.3877,0.4571,4.0,0.6233,8.0558,1
0.6077,1.941,0.3126,0.5582,0.0,0.7381,6.6168,0
0.5425,3.174,0.3466,0.4132,5.0,0.5752,7.9368,1
0.6334,3.1019,0.1935,0.2956,2.0,0.444,3.8667,0
0.8098,2.1303,0.0501,0.164,0.0,0.6264,3.3961,0
0.5763,3.8893,0.4461,0.4515,2.0,0.5253,6.4232,1
0.8512,2.7198,0.1771,0.2389,3.0,0.6619,3.5971,0
0.9916,3.512,0.2514,0.4192,4.0,0.455,5.3243,1
0.5875,2.4615,0.2335,0.2355,1.0,0.6419,5.5176,0
0.7403,5.5049,0.525,0.5785,3.0,0.5782,6.8359,1
0.6437,3.7082,0.454,0.7186,3.0,0.4899,6.3254,1
0.3035,3.7636,0.4728,0.4064,4.0,0.5103,6.0645,1
0.3393,3.665,0.1385,0.2615,2.0,0.4994,10.4013,1
0.3973,2.9036,0.1,0.3789,2.0,0.4809,5.3653,1
0.5847,4.2555,0.322,0.1693,1.0,1.0,2.7038,0
0.5236,4.5915,0.2687,0.4075,1.0,0.5865,5.4412,1
0.5601,4.5932,0.5316,0.248,10.0,0.3191,5.9334,1
0.8793,1.1815,0.131,0.2617,1.0,0.8435,1.0,0
0.8187,1.901,0.186,0.3076,2.0,0.8329,1.9873,0
0.7439,1.3786,0.1189,0.103,2.0,0.6065,5.8492,0
0.9661,3.5074,0.0891,0.3018,2.0,0.5565,3.6794,0
0.7235,2.9861,0.1744,0.3018,1.0,0.617,1.4443,0
0.4135,3.9024,0.6111,0.5648,7.0,0.5912,7.6319,1
0.4458,5.5989,0.5186,0.6798,5.0,0.2812,5.4165,1
0.7295,1.9556,0.2837,0.274,3.0,0.604,2.82,0
0.8009,2.7771,0.3062,0.2172,2.0,0.7411,3.0442,0
0.8137,2.2704,0.5944,0.5755,2.0,0.4469,4.7888,1
0.1215,2.704,0.4536,0.574,8.0,0.5268,5.1066,1
0.5002,4.0557,0.402,0.6834,4.0,0.5956,4.7184,1
0.6792,2.6571,0.2468,0.2356,3.0,0.6171,3.3428,0
0.636,1.5987,0.0765,0.0492,3.0,1.0,4.9226,0
0.302,5.237,0.2758,0.5908,4.0,0.381,5.1126,1
0.8911,2.6647,0.0992,0.4107,0.0,0.6639,1.9211,0
0.7173,2.6471,0.3224,0.3447,4.0,0.9999,5.8757,0
0.792,2.3869,0.1661,0.1504,1.0,0.6546,3.8865,0
0.8823,2.4215,0.314,0.0,2.0,0.7593,3.0791,0
0.5485,3.0819,0.4088,0.5464,6.0,0.1517,6.5818,1
0.7171,3.0884,0.1438,0.0933,5.0,0.6961,4.5795,0
0.5872,2.3294,0.1036,0.2675,0.0,0.7758,2.5863,0
0.5921,4.2397,0.2772,0.5303,6.0,0.4608,5.5818,1
0.8355,2.7491,0.0412,0.2579,1.0,0.7112,2.8217,0
0.8559,2.2292,0.0301,0.3875,2.0,0.6784,2.0735,0
0.9065,3.555,0.2599,0.1141,1.0,0.6561,3.4721,0
0.7784,2.7042,0.1891,0.3433,4.0,0.4551,4.0076,0
0.7063,2.8729,0.1556,0.4151,2.0,0.5307,6.283,1
0.6766,3.5662,0.4403,0.4764,5.0,0.6399,5.759,1
0.3189,3.0476,0.2183,0.5905,6.0,0.3361,6.0921,1
0.7081,2.7375,0.3054,0.2556,3.0,0.4881,1.642,0
0.6526,2.7192,0.2199,0.1668,3.0,0.5445,6.0273,1
0.5812,4.8793,0.0887,0.5607,5.0,0.909,6.0889,1
0.6026,1.4322,0.1474,0.3142,1.0,0.8916,3.5605,0
0.5765,4.2494,0.449,0.6466,5.0,0.414,7.1374,1
0.6802,4.4375,0.4769,0.6453,4.0,0.7116,4.4701,1
0.4747,1.9919,0.4746,0.5379,3.0,0.5549,6.7738,1
0.3657,5.0672,0.3016,0.5435,5.0,0.3412,7.0779,1
0.6815,3.662,0.1053,0.0899,4.0,0.5617,3.5094,0
0.6167,1.1735,0.4691,0.373,1.0,0.7068,6.272,1
0.8169,1.1389,0.0884,0.1322,2.0,1.0,2.8469,0
0.6963,2.9813,0.2845,0.3154,4.0,0.5486,9.8411,1
0.6689,3.2079,0.2909,0.4184,3.0,0.804,4.0165,0
0.5733,6.0781,0.2926,0.5377,2.0,0.4048,6.1114,1
0.8727,0.8,0.3973,0.1924,2.0,0.6927,1.4408,0
1.0,3.0071,0.0,0.1164,2.0,1.0,4.5952,0
0.7665,2.164,0.21,0.2441,4.0,0.6116,4.1633,0
0.4047,4.0786,0.3488,0.5544,6.0,0.5022,8.6472,1
0.3943,1.8194,0.5185,0.6214,2.0,0.5261,6.0024,1
0.8057,2.9202,0.2384,0.0449,2.0,0.6793,2.2006,0
0.6111,1.5642,0.0848,0.211,2.0,0.6312,2.7002,0
0.7623,0.8,0.4555,0.3438,1.0,0.4907,1.0,0
0.2629,2.509,0.4716,0.8895,1.0,0.4227,4.4357,1
0.5176,2.5572,0.3748,0.3536,0.0,0.6311,3.2226,0
0.7138,2.0239,0.4188,0.4066,3.0,0.648,4.5706,1
0.4326,4.9331,0.5161,0.4104,2.0,0.2657,4.356,1
0.4705,3.0518,0.4124,0.5964,4.0,0.3047,6.4535,1
0.7729,2.5581,0.2268,0.2657,2.0,0.9011,2.9365,0
0.8094,2.9821,0.1106,0.1949,2.0,0.7889,3.4347,0
0.6848,3.3868,0.3231,0.3528,2.0,0.4483,7.3754,1
0.3865,2.6479,0.1065,0.2573,3.0,0.6237,3.0839,0
0.539,3.8533,0.4668,0.9066,5.0,0.6911,6.9981,1
0.787,2.3635,0.2063,0.1059,1.0,0.5437,2.9022,0
0.3189,2.3576,0.3862,0.9232,6.0,0.6079,6.0008,1
0.5206,4.2329,0.3368,0.3727,7.0,0.3118,3.937,1
0.7831,2.5476,0.0192,0.1745,2.0,0.4056,2.3382,0
0.7822,2.4453,0.2469,0.1665,2.0,0.7445,2.5821,0
0.7218,2.3679,0.2239,0.282,3.0,0.6743,3.3531,0
0.8405,2.8346,0.1012,0.3228,4.0,0.6982,2.9195,0
0.7078,2.5422,0.1727,0.0,3.0,0.5962,3.8643,0
0.6793,2.5777,0.2422,0.2728,2.0,0.6722,4.3478,0
0.5457,4.554,0.4449,0.429,2.0,0.4276,6.5309,1
0.7579,3.1667,0.466,0.4619,3.0,0.4535,8.86,1
0.6048,4.6743,0.3058,0.4488,3.0,0.5083,8.7777,1
0.638,2.5439,0.0493,0.2815,1.0,0.4315,6.6809,0
0.8005,1.7721,0.1016,0.3094,2.0,0.3533,4.6218,0
0.6323,4.3119,0.2744,0.6037,7.0,0.4108,5.0511,1
0.3421,5.4154,0.2663,0.7265,1.0,0.2358,5.856,1
0.6375,3.8901,0.271,0.5488,4.0,0.4475,6.2683,1
0.6518,4.5181,0.3916,0.6192,3.0,0.5118,5.1121,1
0.4866,5.4021,0.2898,0.4926,5.0,0.1252,10.0132,1
0.6078,2.6784,0.4317,0.4986,3.0,0.3751,5.7093,1
0.5211,3.2831,0.1854,0.4366,4.0,0.3934,8.2769,1
0.5697,2.2616,0.4764,0.2404,1.0,0.7104,3.2765,0
0.5709,3.0818,0.4279,0.5662,3.0,0.4717,4.3741,1
0.3953,3.7548,0.2152,0.3803,7.0,0.6743,6.6251,1
0.7518,1.9752,0.0945,0.153,0.0,0.7576,3.1422,0
0.7721,2.9665,0.2029,0.0556,3.0,0.8054,2.7141,0
0.6188,2.5536,0.3129,0.2508,4.0,0.652,3.6664,0
0.5287,2.3008,0.4252,0.645,5.0,0.5363,4.282,1
0.5621,3.5965,0.1851,0.5625,3.0,0.5385,8.2596,1
0.6967,2.9137,0.1466,0.387,4.0,0.6366,2.0,1
0.9113,3.8608,0.2246,0.1775,1.0,0.6493,5.4983,0
0.2882,3.0062,0.2476,0.6153,2.0,0.7722,6.7515,1
0.953,2.8183,0.1639,0.221,2.0,0.8302,1.7861,0
0.7645,4.4565,0.6226,0.2375,4.0,0.5947,5.9211,1
0.6612,1.8647,0.0537,0.0876,0.0,0.7044,2.5944,0
0.5204,3.6159,0.4012,0.6606,5.0,0.2668,6.9336,1
0.7949,1.9527,0.2842,0.1561,4.0,0.5799,6.6332,1
0.8398,3.3496,0.1407,0.2947,1.0,0.5807,2.105,0
0.8796,2.0895,0.1192,0.4663,4.0,0.6157,3.5371,0
0.7898,3.0931,0.1328,0.5562,4.0,0.631,5.6418,1
0.5269,2.7356,0.3501,0.5847,4.0,0.4913,6.502,1
0.5885,4.8304,0.2974,0.5165,3.0,0.3894,3.9885,1
0.4352,3.6027,0.184,0.2223,0.0,0.4866,3.6119,0
0.7476,0.8,0.2203,0.1293,0.0,0.7565,4.2769,0
0.6258,5.6324,0.2667,0.5757,9.0,0.5694,7.3821,1
0.5427,3.552,0.1912,0.3652,6.0,0.2355,7.3108,1
0.2979,4.3486,0.533,0.6058,4.0,0.3542,7.4844,1
0.7886,2.5285,0.1894,0.2355,2.0,0.7671,3.9383,0
0.8418,2.8558,0.1481,0.26,1.0,0.8682,6.0869,0
0.6684,6.0772,0.4295,0.4487,4.0,0.445,2.0,1
0.5456,3.9771,0.3,0.5118,2.0,0.3828,7.4497,1
0.7608,2.2883,0.2427,0.0572,3.0,0.7056,3.2126,0
0.8198,3.4046,0.2943,0.2641,2.0,0.5884,1.4767,0
0.8532,2.6085,0.0238,0.2468,2.0,0.6471,1.1089,0
0.5203,4.36,0.4611,0.8623,4.0,0.558,7.1717,1
0.6551,5.3762,0.4245,0.2831,5.0,0.5298,4.4932,1
0.3291,5.718,0.3023,0.1,7.0,0.4823,5.3952,1
0.4797,1.6441,0.2426,0.4087,1.0,0.3916,5.8191,1
0.5737,4.3488,0.3626,0.6659,2.0,0.5794,6.0407,1
0.6978,2.3539,0.3446,0.3158,2.0,0.6971,4.8506,0
0.82,2.4295,0.3658,0.4628,7.0,0.6183,4.2253,1
0.6519,2.0132,0.3761,0.4244,1.0,0.7778,5.6536,1
0.8473,5.2022,0.2585,0.3554,3.0,0.6986,5.3629,1
0.4742,4.305,0.5365,0.3782,3.0,0.512,5.51,1
0.5932,2.8524,0.0739,0.0861,1.0,0.9073,1.7343,0
0.7018,2.3618,0.1327,0.108,0.0,0.8797,1.0,0
0.8377,2.0454,0.0,0.2642,2.0,0.3806,4.0085,0
0.5777,1.1796,0.1737,0.291,0.0,0.896,3.8139,0
0.7109,2.2572,0.225,0.4497,1.0,0.5633,5.2332,1
0.8229,1.6651,0.2634,0.1914,3.0,0.8025,5.7398,0
0.5723,4.5641,0.1033,0.4822,8.0,0.4307,4.4498,1
0.6625,3.1475,0.0635,0.0995,3.0,0.7165,3.7508,0
0.5012,3.2184,0.3846,0.1,3.0,0.3696,3.7969,1
0.7768,1.1874,0.0193,0.0377,3.0,0.8793,2.3469,0
0.4068,4.1623,0.5032,0.5518,2.0,0.4395,6.637,1
0.6337,4.5521,0.5127,0.4845,1.0,0.3798,6.7015,1
0.411,3.8904,0.5396,0.6393,4.0,0.2113,4.3609,1
0.6489,5.6976,0.2798,0.5072,3.0,0.2572,7.13,1
0.7641,3.8155,0.4698,0.5565,2.0,0.4614,3.3979,1
0.693,4.1349,0.1728,0.394,3.0,0.6916,7.0897,1
0.3604,4.2613,0.4783,0.7089,6.0,0.4966,6.9964,1
0.5251,3.691,0.0489,0.2237,4.0,0.6745,4.2845,0
0.9008,1.5173,0.1577,0.1453,2.0,0.8352,3.1932,0
0.4429,1.9964,0.6719,0.3704,4.0,0.2127,7.2781,1
0.2278,3.4464,0.3593,0.326,4.0,0.1098,6.9561,1
0.5353,3.197,0.3532,0.5864,1.0,0.6882,2.7858,0
0.9639,2.5739,0.233,0.0635,2.0,0.6259,3.7393,0
0.5358,4.0649,0.304,0.464,8.0,0.3853,6.2543,1
0.7074,4.6181,0.5192,0.8238,2.0,0.2476,7.4783,1
0.9906,2.7049,0.192,0.1716,1.0,0.872,3.1588,0
0.7891,2.1427,0.2458,0.1936,1.0,0.9424,4.2399,0
0.569,1.5171,0.3363,0.1684,2.0,0.5801,2.9103,0
0.7913,4.6753,0.2356,0.7216,4.0,0.4617,8.1039,1
0.9442,2.1755,0.0773,0.0,3.0,0.6425,4.4304,0
0.7867,1.9155,0.2244,0.2351,2.0,0.6694,3.5355,0
0.7348,3.9383,0.264,0.6513,9.0,0.4682,5.5524,1
0.9903,1.5174,0.1766,0.2258,0.0,0.7125,3.3407,0
0.8539,1.3625,0.0373,0.1771,2.0,0.5864,1.9924,0
0.4504,2.2639,0.4645,0.4418,1.0,0.6263,6.2704,1
0.5977,2.9586,0.206,0.0698,2.0,0.621,2.1308,0
0.4773,3.9965,0.5179,0.7288,9.0,0.307,7.1146,1
0.5097,1.3767,0.5638,0.6132,5.0,0.1642,4.1954,1
0.2912,3.3569,0.4829,0.5833,6.0,0.4126,5.1065,1
0.4619,3.6228,0.1389,0.2118,1.0,0.5332,5.9622,0
0.3183,4.573,0.2621,0.4343,3.0,0.3861,6.2104,1
0.6367,3.133,0.1276,0.7366,5.0,0.4478,3.8959,1
0.8337,2.6555,0.0558,0.2109,3.0,0.3919,4.0008,1
0.8898,3.6404,0.1759,0.2601,1.0,0.7614,5.9073,0
0.4406,4.2238,0.5793,0.7112,4.0,0.3671,7.224,1
0.6303,2.5583,0.0841,0.2393,2.0,0.6743,3.7833,0
0.8506,1.2285,0.0923,0.3102,4.0,0.8584,2.5593,0
0.5573,2.9502,0.3856,0.6885,3.0,0.6001,3.7818,1
0.6433,3.5721,0.3171,0.4811,1.0,0.3325,4.5979,1
0.82,4.0424,0.5925,0.3253,6.0,0.3565,7.6919,1
0.6155,2.1139,0.4351,0.4226,5.0,0.1639,7.7368,1
0.7018,1.7712,0.2554,0.1415,3.0,0.8148,4.1475,0
0.6226,3.6931,0.5182,0.5447,3.0,0.2503,6.9623,1
0.5559,1.8552,0.1366,0.4837,1.0,0.6624,3.8518,0
1.0,3.8367,0.153,0.3335,1.0,0.6509,4.5671,0
0.7389,2.108,0.1312,0.1766,0.0,0.8429,3.7144,0
0.839,3.5926,0.1712,0.2238,4.0,0.6074,2.7771,0
0.8132,3.356,0.3054,0.0163,5.0,0.8114,4.9124,0
0.647,1.335,0.5368,0.2427,2.0,0.467,4.3012,0
0.4968,3.8539,0.4969,0.3682,6.0,0.5844,7.5972,1
0.4978,3.0521,0.3199,0.3596,3.0,0.5825,6.8828,1
0.6977,3.6015,0.3261,0.5084,5.0,0.5129,6.4371,1
0.2958,2.6671,0.3765,0.7408,6.0,0.1622,9.0315,1
0.3632,3.6592,0.1593,0.2887,2.0,0.4609,3.5565,0
0.346,6.8952,0.4423,0.2553,6.0,0.2129,6.7643,1
1.0,3.7067,0.2779,0.2492,3.0,0.8103,1.6832,0
0.5287,4.1212,0.2244,0.6305,2.0,0.5081,7.0514,1
0.9157,1.3317,0.1729,0.1914,2.0,0.5362,5.28,0
0.7613,3.1936,0.082,0.5232,1.0,0.5827,2.7389,0
0.6925,2.9142,0.4342,0.273,0.0,0.6574,3.9112,0
0.7105,5.7553,0.3952,0.4127,5.0,0.3883,9.1691,1
0.7961,2.6884,0.1,0.3628,7.0,0.2103,8.1717,1
0.7564,4.8503,0.4957,0.6539,2.0,0.2481,5.4805,1
0.8671,1.6534,0.0705,0.0936,3.0,0.6741,4.4716,0
0.4784,3.8757,0.3141,0.5541,8.0,0.412,3.8498,1
0.8069,1.6922,0.1428,0.3475,4.0,0.5387,2.1442,0
0.6784,2.595,0.1855,0.1476,1.0,0.6943,3.2678,0
0.7147,2.2892,0.2114,0.1866,0.0,0.3469,2.9906,0
0.6664,3.4714,0.3828,0.5535,6.0,0.3012,4.6586,1
0.7241,4.6389,0.5193,0.4074,3.0,0.3999,5.5678,1
0.6777,3.4822,0.2989,0.403,3.0,0.454,9.1144,1
0.5389,5.5175,0.3099,0.5574,7.0,0.4925,3.4844,1
0.6147,3.9635,0.129,0.5074,3.0,0.5152,6.2336,1
0.7178,1.7858,0.1656,0.1572,2.0,0.9165,4.8387,0
0.9059,3.7618,0.1428,0.2933,2.0,0.8796,1.4524,0
0.7028,2.4227,0.3412,0.4143,2.0,0.5971,4.7389,0
0.4248,4.1421,0.3363,0.4334,2.0,0.5108,8.9224,1
0.6943,2.4371,0.1334,0.3609,1.0,0.6816,4.4605,0
0.4076,3.6764,0.4044,0.307,4.0,0.4008,7.3403,1
0.5925,3.4111,0.3586,0.1033,1.0,0.6193,8.0067,1
0.4206,5.8136,0.2704,0.5098,4.0,0.6268,6.7872,1
0.7351,5.9812,0.2172,0.425,4.0,0.5142,3.9671,1
0.3878,4.1673,0.5594,0.3048,6.0,0.7474,3.851,1
0.4418,3.5763,0.2729,0.5761,2.0,0.5775,7.1131,1
0.6058,2.1991,0.2149,0.2882,5.0,0.5874,5.3583,1
0.4827,3.7801,0.6249,0.6134,1.0,0.2806,6.5041,1
1.0,2.3474,0.1212,0.1599,3.0,0.579,3.635,0
0.5542,4.1515,0.4053,0.6876,3.0,0.3851,7.2059,1
0.4401,4.8096,0.4346,0.4029,3.0,0.4832,7.2745,1
0.6042,3.7226,0.2291,0.2167,1.0,0.2947,6.4838,1
0.3816,4.0087,0.3796,0.6172,3.0,0.3009,8.6529,1
0.3403,4.2881,0.4972,0.4068,9.0,0.4769,5.7771,1
0.8282,2.7965,0.0026,0.1992,2.0,0.8867,2.4803,0
0.6815,5.4778,0.2869,0.2458,1.0,0.4355,6.4544,1
0.5171,4.788,0.2885,0.6413,4.0,0.6205,8.8397,1
0.6062,2.4629,0.2739,0.1272,1.0,0.8886,2.5206,0
0.6102,5.2094,0.4038,0.7601,1.0,0.5426,8.747,1
1.0,3.3573,0.2267,0.249,0.0,0.6234,1.8117,0
0.7873,5.7409,0.2638,0.1455,1.0,0.4872,2.0,1
0.82,5.5275,0.2285,0.4776,3.0,0.629,5.1914,1
0.6773,2.5363,0.2907,0.1809,2.0,0.6737,3.8332,0
0.505,3.6024,0.666,0.5749,2.0,0.4583,6.2215,1
0.9635,2.0097,0.1618,0.0,1.0,0.9795,4.4182,0
0.8839,1.8544,0.2646,0.3732,5.0,0.6731,3.1327,0
0.5525,1.6663,0.3244,0.5866,4.0,0.4492,6.3247,1
0.7011,5.718,0.3587,0.2797,4.0,0.2709,6.7484,1
0.9717,5.1246,0.337,0.3731,4.0,0.5301,2.0,1
0.6718,5.0866,0.093,0.7654,5.0,0.5322,5.9531,1
0.4559,4.2328,0.4618,0.1789,2.0,0.634,3.7304,0
0.4661,2.225,0.3279,0.4813,1.0,0.3773,6.9723,1
0.5489,1.8095,0.2991,0.501,3.0,0.4118,7.6384,1
0.8457,2.8349,0.0177,0.2393,0.0,0.7801,2.0799,0
0.7819,2.8911,0.5386,0.6261,5.0,0.3823,8.3543,1
0.7663,3.6756,0.2105,0.2019,1.0,0.6577,3.2979,0
0.7829,3.2844,0.0605,0.2845,0.0,0.7545,4.3624,0
0.7923,2.0524,0.2559,0.5021,2.0,0.6174,4.6603,0
0.5811,3.6169,0.3782,0.548,6.0,0.4365,6.611,1
0.365,2.9485,0.4618,0.4751,3.0,0.5527,6.9675,1
0.879,3.319,0.3051,0.0889,0.0,0.6744,2.6409,0
0.519,4.9242,0.3692,0.8911,3.0,0.7082,4.9859,1
0.7711,2.9063,0.1373,0.249,0.0,0.896,3.6663,0
0.7364,1.4433,0.349,0.0,0.0,0.732,2.7028,0
0.9191,3.3388,0.2016,0.144,0.0,0.6464,4.6248,0
0.4387,1.9015,0.2902,0.4691,1.0,0.4866,5.2818,0
0.5983,4.6484,0.3058,0.1847,2.0,0.6743,7.9795,1
0.911,2.8063,0.202,0.3555,3.0,0.6803,2.4672,0
0.7093,3.9131,0.2522,0.4779,1.0,0.3071,6.1889,1
0.9759,1.8789,0.3554,0.2103,2.0,0.728,2.8548,0
0.8923,2.223,0.3421,0.3894,4.0,0.5828,4.7354,0
0.888,2.9219,0.1313,0.0347,3.0,0.8483,3.4947,0
0.5404,2.1527,0.2752,0.3303,1.0,0.5419,5.6594,0
0.7947,3.0657,0.2686,0.218,4.0,0.4785,6.1426,1
0.5683,4.9295,0.6608,0.3377,2.0,0.3685,3.1014,1
0.461,6.6582,0.5606,0.541,3.0,0.6747,5.1591,1
0.802,1.7966,0.1412,0.2837,2.0,0.4542,3.8024,0
0.605,1.4194,0.2417,0.4049,5.0,0.6629,5.2583,0
0.64,2.2501,0.3972,0.6652,4.0,0.4509,6.3835,1
0.6105,2.9779,0.2778,0.379,2.0,0.5827,2.562,0
0.6611,1.9859,0.1197,0.1568,2.0,0.744,5.1372,0
0.875,2.0575,0.287,0.3196,1.0,0.7124,2.4591,0
0.7093,3.2629,0.1456,0.174,2.0,0.6543,5.5362,0
0.8245,2.6139,0.1305,0.1568,1.0,1.0,4.3258,0
0.8217,2.7356,0.106,0.0984,3.0,0.4217,2.2694,0
0.6322,4.0114,0.3359,0.1986,3.0,0.8673,9.0813,1
0.4667,1.5681,0.2291,0.2701,2.0,0.5239,2.1157,0
0.6733,3.2589,0.1385,0.3257,1.0,0.8411,3.5423,0
0.2511,4.8644,0.5317,0.6643,1.0,0.5676,4.7818,1
0.4076,4.9374,0.1227,0.2967,3.0,0.4648,4.8402,1
0.9152,2.8293,0.3095,0.1491,3.0,0.5133,2.8774,0
1.0,2.7582,0.0723,0.2566,1.0,0.7477,2.8928,0
0.8668,2.834,0.2848,0.3893,8.0,0.643,5.1269,1
0.8073,3.0564,0.1622,0.0,0.0,0.7193,3.5823,0
0.3661,2.6714,0.2019,0.2859,7.0,0.5897,8.0793,1
0.4817,5.2882,0.4842,0.4661,2.0,0.3569,5.6937,1
1.0,1.5625,0.1442,0.1945,2.0,0.8729,3.8477,0
0.6484,2.5484,0.6317,0.7342,3.0,0.7359,5.9313,1
0.4395,3.5188,0.4735,0.7222,5.0,0.3265,6.7817,1
0.6093,3.7113,0.2062,0.1363,2.0,0.7748,5.4208,0
0.7858,2.7147,0.2715,0.171,1.0,0.7725,2.9365,0
0.6428,2.5947,0.1762,0.1171,1.0,0.8302,3.0858,0
0.5815,4.6657,0.2284,0.95,4.0,0.418,6.2128,1
0.5381,5.1941,0.2283,0.4588,4.0,0.5211,5.2488,1
0.3789,2.6379,0.3083,0.6299,4.0,0.309,5.9439,1
0.4849,4.9367,0.3231,0.3185,9.0,0.4668,6.0229,1
0.6215,5.0988,0.407,0.8404,1.0,0.1253,8.3008,1
0.7244,1.9395,0.0572,0.2524,3.0,0.7232,3.2227,0
0.6215,2.5174,0.2487,0.0795,3.0,0.7729,2.156,0
0.4862,1.9122,0.2516,0.2998,2.0,0.6661,4.9129,0
0.9703,2.7194,0.0246,0.2667,2.0,0.4643,4.4341,0
0.7187,3.5812,0.41,0.4237,3.0,0.5313,2.1177,0
0.5319,1.6215,0.2214,0.3485,1.0,0.6251,3.924,0
0.7208,2.0329,0.1704,0.049,2.0,0.8462,1.6316,0
0.8635,1.8745,0.0121,0.2345,2.0,0.5625,3.121,0
0.7267,1.3065,0.0202,0.1271,2.0,0.6978,4.187,0
0.557,4.8555,0.4219,0.4464,3.0,0.2586,5.4452,1
0.8347,2.26,0.2394,0.387,1.0,0.6761,4.5955,0
0.3131,3.8637,0.435,0.6265,3.0,0.5449,5.5932,1
0.7196,3.3507,0.2367,0.2312,3.0,0.6323,2.9829,0
0.623,3.6473,0.5327,0.6623,5.0,0.665,6.5036,1
0.6723,2.1206,0.181,0.2467,1.0,0.8445,4.2326,0
1.0,1.3736,0.1015,0.194,3.0,0.7517,4.1582,0
0.8666,2.6459,0.1429,0.3043,2.0,0.3,2.3564,0
1.0,3.1711,0.0904,0.1109,2.0,0.7944,4.6148,0
1.0,3.0542,0.1476,0.1237,3.0,0.5189,3.4568,0
0.966,3.8774,0.1237,0.109,2.0,0.6956,1.8918,0
0.7089,3.7381,0.1601,0.2234,2.0,0.6058,2.2047,0
0.6711,1.6635,0.0754,0.1242,2.0,0.7604,3.3522,0
0.3651,3.5254,0.1879,0.6051,4.0,0.2818,4.241,1
0.7889,3.1526,0.0247,0.2379,2.0,0.7517,5.4708,0
0.5872,4.8671,0.2165,0.4911,4.0,0.4781,9.2281,1
0.6022,3.8777,0.2064,0.3441,5.0,0.4096,8.3225,1
0.5881,4.6192,0.4617,0.6752,1.0,0.2941,10.3577,1
0.7928,3.1423,0.0686,0.4218,0.0,0.6188,1.3855,0
0.637,2.9164,0.0694,0.2974,4.0,0.9065,3.7743,0
0.4707,2.7196,0.4842,0.4976,6.0,0.5216,5.939,1
0.4184,2.525,0.344,0.2558,6.0,0.5133,6.4327,1
0.5147,0.8196,0.1316,0.4045,1.0,0.6224,4.9084,0
0.7745,4.0707,0.166,0.2664,1.0,0.5915,2.6323,0
0.4942,4.6557,0.5785,0.6034,4.0,0.3246,5.4045,1
0.6389,2.4672,0.425,0.3619,3.0,0.2751,6.6648,1
0.3889,4.1714,0.3645,0.3869,2.0,0.5148,7.8185,1
0.6153,5.4294,0.3954,0.418,6.0,0.2838,9.3719,1
0.7227,2.4024,0.187,0.018,2.0,0.8481,3.7699,0
0.6945,1.8852,0.3022,0.2823,2.0,0.7491,4.2823,0
0.7201,1.5439,0.4283,0.3241,5.0,0.8413,5.703,0
0.5344,3.305,0.1837,0.7218,5.0,0.3177,6.7763,1
0.7386,3.8109,0.3162,0.5093,1.0,0.3655,4.6382,1
0.5756,2.84,0.2577,0.2908,1.0,0.8588,3.1152,0
0.1,4.5886,0.5298,0.455,5.0,0.552,6.317,1
0.5996,2.5092,0.182,0.2258,0.0,0.5758,1.9238,0
0.8155,2.6313,0.2157,0.1425,2.0,0.6252,1.9121,0
0.6146,2.5189,0.2709,0.3178,0.0,0.7304,2.6577,0
0.4237,5.0522,0.2215,0.591,4.0,0.379,7.3593,1
0.9134,1.3121,0.3226,0.137,3.0,0.4708,3.07,0
0.7881,3.0827,0.1175,0.2751,2.0,0.6256,4.1683,0
0.7472,0.8,0.4152,0.1809,1.0,0.4907,4.6975,0
0.4777,2.8364,0.2196,0.2097,2.0,0.4787,3.4054,1
0.623,2.2824,0.4111,0.506,2.0,0.5867,3.7565,0
0.7108,2.5355,0.2347,0.2304,2.0,0.6129,3.417,0
0.5302,3.7918,0.3272,0.2599,3.0,0.2155,7.4923,1
0.4955,4.7897,0.5454,0.5115,2.0,0.3587,3.8786,1
0.3874,5.3569,0.3581,0.4767,5.0,0.546,6.6354,1
0.6672,2.842,0.1574,0.0425,0.0,0.5069,1.6111,0
0.7482,3.6524,0.2498,0.3349,0.0,0.6497,2.3073,0
0.6722,2.1619,0.2092,0.4171,4.0,0.6728,4.6247,0
0.4884,5.1568,0.366,0.6945,8.0,0.3606,5.4423,1
0.4633,3.3859,0.3739,0.4192,5.0,0.4162,5.1041,1
0.4331,3.1953,0.393,0.661,5.0,0.5616,7.6995,1
0.6072,3.5368,0.1903,0.5283,5.0,0.506,5.7651,1
0.6272,5.2256,0.2808,0.6245,5.0,0.5002,6.3048,1
0.6585,2.9937,0.1281,0.0,2.0,0.6466,3.5313,0
0.5598,2.7703,0.7384,0.4501,4.0,0.3217,10.3997,1
0.4132,4.2581,0.4062,0.5409,9.0,0.5606,4.4186,1
0.8421,3.6337,0.3055,0.0858,3.0,0.9414,1.5163,0
0.5193,3.9621,0.5209,0.5037,3.0,0.371,5.2764,1
0.8228,2.2619,0.1792,0.4912,3.0,0.684,3.3111,0
0.4834,2.4655,0.086,0.1962,2.0,0.6238,1.0351,0
0.4297,4.9467,0.4507,0.3964,4.0,0.7225,7.6477,1
0.7164,3.1875,0.0855,0.2008,3.0,0.7266,1.8277,0
0.7593,4.0862,0.3062,0.4628,3.0,0.4102,6.4557,1
0.5336,4.6364,0.4341,0.7851,4.0,0.503,5.4656,1
0.7055,1.6485,0.3273,0.401,1.0,0.3841,3.0111,0
0.6091,4.3521,0.4161,0.6655,5.0,0.6195,5.503,1
0.3728,2.2073,0.2154,0.736,3.0,0.4966,6.2476,1
0.1654,3.9401,0.3805,0.6392,4.0,0.5134,6.9244,1
0.3749,4.3561,0.3696,0.3484,4.0,0.3137,8.1195,1
0.582,3.7471,0.1516,0.1742,3.0,0.689,3.1375,0
0.5027,3.6334,0.3555,0.5456,4.0,0.6349,8.7289,1
0.5089,3.9921,0.3769,0.5823,4.0,0.5207,3.4231,1
0.6938,3.1331,0.2473,0.344,3.0,0.8078,2.5025,0
0.659,2.1558,0.1479,0.2442,4.0,0.6568,4.088,0
0.4841,1.958,0.3033,0.4686,3.0,0.7136,5.3171,1
0.6105,3.8753,0.4838,0.7845,4.0,0.4705,7.3806,1
0.6608,2.2202,0.3947,0.2537,3.0,0.5454,2.2889,0
0.7136,1.2779,0.255,0.1578,2.0,0.7347,5.9293,0
0.6879,1.4829,0.2856,0.0967,3.0,0.7183,3.0081,0
0.6987,4.0614,0.1858,0.3468,1.0,0.8112,5.4478,0
0.5611,2.6613,0.3161,0.675,1.0,0.7513,7.8186,1
0.4834,4.0683,0.3829,0.4085,3.0,0.654,6.31,1
0.7684,1.4206,0.2144,0.127,2.0,0.6824,1.0,0
0.4623,4.0003,0.4462,0.4574,5.0,0.3001,3.7524,1
0.5354,1.5479,0.0,0.2578,2.0,0.5822,3.1246,0
0.8549,3.6006,0.1511,0.2337,4.0,0.6588,1.5591,0
0.8189,2.0258,0.141,0.303,5.0,0.5421,5.214,0
0.82,6.0217,0.1593,0.555,4.0,0.4693,7.276,1
0.5186,1.7206,0.559,0.5569,3.0,0.4776,5.8218,1
0.809,4.4481,0.0955,0.3483,0.0,0.7271,3.0377,0
0.5281,1.5788,0.2864,0.4368,3.0,0.7132,1.0,0
0.6688,3.4539,0.3076,0.2578,3.0,0.9082,1.678,0
0.4918,4.5119,0.3154,0.522,3.0,0.5386,6.71,1
0.5556,4.7291,0.3089,0.1219,5.0,0.4686,6.4377,1
0.4537,3.5347,0.4528,0.6948,4.0,0.5104,3.805,1
0.7074,2.8725,0.4867,0.3813,3.0,0.5187,3.1486,0
0.7075,2.6574,0.174,0.2361,1.0,0.7987,3.9292,0
0.7955,2.2732,0.1138,0.1631,2.0,0.7258,3.0015,0
0.492,3.0511,0.4962,0.4733,2.0,0.7642,5.7664,1
0.3971,4.48,0.4156,0.548,1.0,0.4396,7.1984,1
0.8273,3.2687,0.1836,0.3098,2.0,0.8563,6.0531,0
0.6323,3.287,0.0639,0.3242,0.0,0.4838,4.0972,0
0.3014,4.601,0.4622,0.6316,6.0,0.3927,7.4604,1
0.398,2.5692,0.2427,0.7985,2.0,0.1817,7.519,1
0.7234,2.0431,0.0758,0.2365,2.0,0.6182,3.1865,0
0.594,4.7347,0.4767,0.3879,4.0,0.4749,5.481,1
0.8417,2.1401,0.1729,0.2664,0.0,0.8586,2.3558,0
0.6343,2.005,0.1998,0.0666,1.0,0.7204,3.1923,0
0.8556,3.5041,0.1619,0.4506,2.0,0.8548,3.6854,0
0.5692,3.773,0.3866,0.3613,4.0,0.3522,4.6665,1
0.6435,3.5426,0.5581,0.2811,7.0,0.5491,8.1378,1
0.9295,2.8306,0.2489,0.1137,0.0,0.8022,2.476,0
0.4569,1.6316,0.4402,0.6464,2.0,0.4036,6.7199,1
0.7765,3.2759,0.5436,0.608,3.0,0.3474,5.7433,1
0.5384,2.5588,0.2845,0.5147,6.0,0.338,7.8252,1
0.626,2.7892,0.2636,0.1633,3.0,0.7638,4.9326,0
0.6843,2.6992,0.3104,0.2761,3.0,0.4833,2.8968,0
0.5379,6.5688,0.3883,0.4974,2.0,0.5744,6.4006,1
0.8683,3.2429,0.3081,0.2851,2.0,0.4923,1.5661,0
0.4244,4.7287,0.4998,0.5919,4.0,0.4408,3.3453,1
0.8709,2.6232,0.1464,0.3062,4.0,0.8099,3.8586,0
0.8514,2.7816,0.1669,0.0262,2.0,0.545,2.5728,0
0.7519,4.5059,0.1192,0.2436,3.0,0.6023,3.3853,0
0.6281,5.7701,0.1698,0.4914,4.0,0.4647,7.1834,1
0.7556,2.1678,0.1592,0.0,0.0,0.4585,2.0222,0
0.6478,5.3983,0.2635,0.4109,5.0,0.1174,6.8614,1
0.8036,1.0712,0.0,0.3707,1.0,0.4338,2.4891,0
0.8436,2.3951,0.1128,0.1504,3.0,0.8038,4.9254,0
0.8406,2.2023,0.1663,0.1408,2.0,0.7318,3.7341,0
0.686,2.8671,0.074,0.1724,0.0,0.6229,4.9667,0
0.8844,2.8332,0.0817,0.0674,1.0,0.8791,4.061,0
0.7943,3.4435,0.1976,0.3273,1.0,0.6812,5.8211,1
0.456,5.3198,0.2826,0.5427,5.0,0.2195,3.3645,1
0.613,3.4357,0.5097,0.4952,5.0,0.3688,6.1055,1
0.5443,3.5001,0.447,0.5027,2.0,0.3702,6.9478,1
0.7302,3.375,0.2141,0.0891,1.0,0.5833,5.237,0
0.5406,2.7814,0.5166,0.3203,10.0,0.3329,4.2395,1
0.4388,6.3683,0.2812,0.4725,4.0,0.532,4.9096,1
0.6004,4.612,0.2427,0.4055,5.0,0.7068,5.425,1
0.8847,2.6421,0.1094,0.3684,2.0,0.5473,4.5797,0
0.7786,2.11,0.2695,0.2254,1.0,0.6818,2.4596,0
0.5319,1.9189,0.1842,0.1953,1.0,0.6077,4.8639,0
0.7644,2.6772,0.0712,0.1718,1.0,0.6585,1.6238,0
0.5535,6.3215,0.2496,0.3601,3.0,0.456,5.3995,1
0.5265,6.7222,0.357,0.5906,3.0,0.3967,7.558,1
0.496,4.5555,0.4674,0.5398,4.0,0.353,4.5252,1
0.8574,1.7968,0.3467,0.079,3.0,0.5811,2.8767,0
0.8105,1.7954,0.1327,0.0795,2.0,0.7561,3.6756,0
0.7223,3.1596,0.3752,0.3144,4.0,0.7464,5.311,0
0.4412,2.0823,0.6687,0.4829,6.0,0.4988,5.656,1
0.6224,5.3566,0.5254,0.4654,4.0,0.5374,4.253,1
0.6801,4.4913,0.2467,0.5955,1.0,0.2085,6.9456,1
0.5549,4.7978,0.283,0.3006,1.0,0.2157,5.3952,1
0.6507,0.8,0.2327,0.3744,3.0,0.9032,3.5804,0
0.693,1.9356,0.2556,0.47,1.0,0.7955,1.63,0
0.4255,3.4726,0.4665,0.785,5.0,0.1937,5.3207,1
0.7916,2.0739,0.2577,0.393,4.0,0.5392,3.5365,1
0.4695,3.9805,0.3651,0.5557,6.0,0.1755,4.5292,1
0.7714,2.6136,0.166,0.3007,2.0,0.8609,3.0084,0
0.9998,2.5005,0.1501,0.1217,1.0,0.7797,3.8443,0
0.9173,2.8799,0.1195,0.156,2.0,0.6943,2.976,0
0.7901,3.6864,0.3742,0.5405,5.0,0.6435,6.5258,1
0.9163,3.4633,0.1492,0.2891,3.0,0.7102,4.4367,0
0.3176,4.494,0.3291,0.7229,3.0,0.6027,4.166,1
0.6331,5.4608,0.3445,0.1016,3.0,0.6199,8.3861,1
0.5825,0.931,0.3346,0.2564,1.0,0.6679,4.4105,0
0.4115,3.0736,0.4785,0.5979,7.0,0.2397,6.1732,1
0.7144,2.845,0.1822,0.243,2.0,0.5445,1.5502,0
0.5513,2.5874,0.3413,0.3544,3.0,0.5799,5.1564,0
0.3578,5.0632,0.5905,0.7608,3.0,0.2023,8.3356,1
0.5294,2.9967,0.6401,0.714,4.0,0.291,7.708,1
0.3064,5.5848,0.3198,0.5113,4.0,0.1684,6.5768,1
0.7112,3.4626,0.06,0.1358,3.0,0.7628,2.0539,0
0.3652,4.308,0.4534,0.6844,5.0,0.4735,4.519,1
0.4278,2.9423,0.3782,0.1467,1.0,0.583,2.3958,0
0.4832,3.8268,0.2222,0.7179,3.0,0.4851,10.5248,1
0.2729,5.5233,0.4175,0.422,3.0,0.2395,4.163,1
0.7572,3.734,0.2857,0.7037,1.0,0.3311,6.5093,1
0.7812,4.1138,0.1775,0.1624,1.0,0.7892,3.7018,0
0.6182,2.2928,0.227,0.0358,1.0,0.7778,4.6482,0
0.7669,3.0961,0.2314,0.1758,3.0,0.8189,2.6752,0
1.0,1.3025,0.1583,0.0,0.0,0.4626,4.5453,0
0.8577,1.6193,0.0864,0.0259,0.0,0.692,2.8067,0
0.9695,2.7947,0.2227,0.3064,1.0,0.6634,2.6345,0
0.9119,0.8,0.1732,0.2103,2.0,0.76,4.2398,0
0.5746,3.6396,0.417,0.2417,11.0,0.7534,5.9273,1
0.3111,5.2051,0.4411,0.496,1.0,0.3777,5.6943,1
0.6656,3.4991,0.3377,0.3599,5.0,0.6205,2.3617,1
0.8711,3.5521,0.1519,0.3065,3.0,0.7021,3.794,0
0.8758,3.1026,0.4901,0.213,7.0,0.5751,7.3498,1
0.7264,2.202,0.4464,0.1198,2.0,0.8423,4.0959,0
0.3536,4.6741,0.4666,0.5183,2.0,0.5603,5.845,1
0.466,4.7299,0.2959,0.4458,3.0,0.5198,9.8793,1
0.6783,6.194,0.3869,0.5209,3.0,0.4907,7.2804,1
0.6252,2.4256,0.0485,0.1538,2.0,0.8161,1.147,0
0.598,5.108,0.5063,0.1258,2.0,0.2051,7.0014,1
0.5649,3.4061,0.5103,0.5912,4.0,0.4091,5.1184,1
0.9712,3.5769,0.162,0.1963,0.0,0.8701,1.9142,0
0.8062,3.9313,0.1691,0.5821,4.0,0.4364,5.1666,1
0.932,3.1162,0.1476,0.5539,1.0,0.6959,1.0036,0
0.6203,1.1438,0.3872,0.1762,0.0,0.7083,1.9714,0
0.6809,3.2242,0.0571,0.0417,3.0,0.9639,4.2284,0
0.8192,2.3436,0.168,0.1941,3.0,0.71,2.3207,0
0.7812,2.9452,0.317,0.5165,0.0,0.5298,1.0,0
1.0,1.7341,0.171,0.1557,1.0,0.6452,3.7022,0
0.6618,2.6772,0.3589,0.2904,0.0,0.6,5.2295,0
0.8918,2.1527,0.1931,0.5732,1.0,0.7781,3.4604,0
0.6613,3.6326,0.0324,0.3244,7.0,0.5856,5.193,1
0.8582,2.9672,0.2363,0.0515,0.0,0.6988,3.2092,0
0.7549,2.2584,0.2985,0.2826,4.0,0.536,5.6932,0
0.7212,4.5816,0.2381,0.3319,5.0,0.5143,6.8854,1
0.3405,2.6814,0.3186,0.477,3.0,0.6581,5.5689,1
0.7757,4.2391,0.1864,0.2549,2.0,0.6065,2.9744,0
0.4301,6.5827,0.2051,0.4745,3.0,0.5054,8.4945,1
0.8169,3.3573,0.1277,0.0,0.0,0.6455,2.9979,0
0.6936,3.2425,0.2022,0.2627,2.0,0.6839,4.3025,0
0.5281,4.6151,0.2902,0.5125,2.0,0.4227,7.6903,1
0.8485,2.1469,0.0422,0.0142,1.0,0.8555,3.0438,0
0.5441,2.0717,0.4157,0.3355,2.0,0.3164,7.0018,1
0.6088,3.3897,0.3713,0.4451,3.0,0.3404,5.0577,1
0.5806,3.7525,0.182,0.4654,4.0,0.5022,6.1147,1
0.6606,3.2272,0.4343,0.56,3.0,0.5022,8.1086,1
0.6347,3.1654,0.2055,0.075,3.0,0.4289,3.6687,0
0.549,5.5483,0.1084,0.4939,3.0,0.6883,6.9289,1
0.9427,3.0073,0.2613,0.2265,4.0,0.5922,2.701,0
0.7535,3.3982,0.1681,0.0,2.0,0.8335,4.3747,0
0.7103,4.5228,0.5876,0.2892,9.0,0.5136,4.1602,1
0.7936,5.8634,0.3043,0.4153,5.0,0.4713,10.1259,1
0.5015,4.7349,0.2453,0.4378,7.0,0.6825,7.2821,1
0.3624,4.7895,0.313,0.5833,6.0,0.3462,5.1269,1
0.7225,2.2505,0.1581,0.1615,3.0,0.716,3.7309,0
0.4665,5.2721,0.3992,0.7887,7.0,0.3495,5.7492,1
0.6958,1.5018,0.1993,0.259,2.0,0.7354,3.1262,0
0.6409,2.4456,0.238,0.2958,4.0,0.7467,2.0226,0
0.6909,0.9914,0.302,0.5288,1.0,0.7676,2.4802,0
0.7103,3.8773,0.2716,0.2024,0.0,0.3999,4.7972,0
0.7936,2.1941,0.0334,0.2568,3.0,0.374,1.0971,0
0.7429,1.8789,0.1004,0.0623,1.0,0.5623,4.5713,0
0.6807,3.9312,0.1834,0.353,3.0,0.6359,3.3031,0
0.7412,3.3889,0.2181,0.2854,2.0,0.5161,3.1794,0
0.7083,5.0041,0.2108,0.4557,7.0,0.4878,7.8729,1
0.4761,5.1351,0.2094,0.4441,3.0,0.78,7.0705,1
0.6515,1.2416,0.0787,0.1972,5.0,1.0,3.5622,0
0.4728,3.6477,0.4622,0.3277,6.0,0.5465,9.7428,1
0.5497,2.5623,0.1337,0.0765,1.0,1.0,3.604,0
0.5672,2.6173,0.4199,0.2667,1.0,0.4808,2.0307,0
0.6654,3.888,0.207,0.7986,2.0,0.5179,8.5686,1
0.6147,2.3343,0.1969,0.2818,4.0,0.9341,2.8501,0
0.5594,1.8,0.4923,0.5443,1.0,0.3883,4.6791,1
0.6988,2.4769,0.081,0.1539,0.0,0.5256,5.0964,0
0.6034,2.3209,0.4387,0.205,1.0,0.845,3.5062,0
0.5589,2.6788,0.6957,0.451,3.0,0.3187,3.5779,1
0.6079,2.9306,0.4746,0.6391,6.0,0.3438,6.7879,1
0.3153,3.0073,0.5516,0.458,5.0,0.54,4.9025,1
0.7234,2.0829,0.4052,0.6085,1.0,0.4295,9.2002,1
0.8379,0.8,0.1892,0.1791,3.0,0.8453,2.2671,0
0.7414,2.1126,0.1981,0.0891,1.0,0.7556,4.1401,0
0.6102,4.4023,0.199,0.2621,2.0,0.5415,3.6724,1
0.7536,1.3244,0.1781,0.1647,4.0,0.7462,4.4244,0
0.5694,2.7757,0.3615,0.5005,1.0,0.4554,6.5053,1
0.7306,1.9434,0.2182,0.3326,3.0,0.5654,1.9771,0
0.6444,4.3944,0.1232,0.1331,3.0,0.6466,3.6203,0
0.4721,4.9908,0.3668,0.3749,2.0,0.4739,7.5157,1
0.7646,1.954,0.0726,0.3477,5.0,0.6171,3.6037,0
0.8295,2.6232,0.1579,0.2326,3.0,0.8602,3.0079,0
0.9919,1.9431,0.1771,0.2948,0.0,0.5972,6.8989,0
0.709,3.3382,0.2058,0.2004,0.0,0.4531,1.0,0
0.824,2.3843,0.1939,0.3298,0.0,0.5954,2.2915,0
0.8024,4.0492,0.0791,0.2309,2.0,0.7916,1.0483,0
0.897,2.7055,0.1049,0.3316,1.0,0.9361,1.61,0
0.8113,4.3642,0.3452,0.0965,2.0,0.7782,4.2556,0
0.5901,2.3838,0.576,0.4934,4.0,0.2257,8.1572,1
0.8979,0.9914,0.0741,0.2112,1.0,0.5508,3.055,0
0.6763,2.1914,0.3659,0.5712,2.0,0.3187,3.239,1
0.6997,3.1308,0.3003,0.1,8.0,0.5701,5.7312,1
0.7389,1.8901,0.1019,0.282,3.0,0.5289,3.3141,0
0.9603,1.6083,0.398,0.2402,0.0,0.7844,4.9932,0
0.4656,2.0436,0.202,0.1993,1.0,0.6031,5.6733,0
0.4721,3.228,0.5481,0.1,4.0,0.4452,5.0573,1
0.4246,2.936,0.4362,0.6518,3.0,0.2108,4.3134,1
0.5578,3.1552,0.2462,0.4762,1.0,0.5456,7.096,1
0.8697,2.7952,0.0962,0.4245,3.0,0.9311,5.604,0
0.6899,3.6966,0.2257,0.4776,6.0,0.4355,4.8336,1
0.7726,5.1997,0.4098,0.5424,6.0,0.4999,5.8383,1
0.5757,2.0803,0.2403,0.2346,4.0,0.7036,3.009,0
0.8941,2.8779,0.1174,0.0761,2.0,0.8024,4.8094,0
0.7578,1.4733,0.1094,0.3621,2.0,0.7006,2.2829,0
0.6688,4.5848,0.7878,0.5373,3.0,0.4822,5.7345,1
0.4578,2.0129,0.3153,0.063,1.0,0.6663,3.2955,0
0.6157,1.8627,0.1257,0.3937,1.0,0.3661,4.8109,0
0.5436,2.6676,0.2037,0.0701,0.0,0.5797,2.1978,0
0.492,2.8884,0.4869,0.5163,6.0,0.2222,5.947,1
0.7354,1.7286,0.1737,0.1923,3.0,0.6122,4.6583,0
0.8286,2.8581,0.2501,0.2408,0.0,0.3834,3.8082,0
0.4007,3.0495,0.3116,0.4232,3.0,0.4168,5.4695,1
0.8886,3.797,0.2,0.3801,4.0,0.5483,6.6178,1
0.9646,3.5275,0.0471,0.2935,0.0,0.9286,3.4906,0
0.6432,2.5332,0.1588,0.0637,2.0,0.5014,4.7764,0
0.265,5.436,0.2381,0.2243,6.0,0.7137,5.0205,1
0.6531,2.8885,0.1467,0.0823,3.0,0.666,4.931,0
0.6709,3.9725,0.0096,0.8412,4.0,0.4618,5.4236,1
0.7183,2.5791,0.2613,0.2746,3.0,0.781,2.1397,0
0.8604,2.7524,0.1267,0.3718,3.0,0.9214,4.2442,0
0.6675,3.8961,0.4049,0.6909,3.0,0.176,6.0121,1
0.7937,3.7359,0.1207,0.2423,1.0,0.7745,3.7123,0
0.2833,3.2753,0.3642,0.4537,1.0,0.3148,9.2773,1
0.5233,3.5037,0.466,0.7107,1.0,0.5476,6.601,1
0.5463,3.2816,0.3848,0.626,3.0,0.4632,7.5925,1
0.5995,1.6939,0.3779,0.4746,6.0,0.4636,6.3485,1
0.5733,1.9817,0.4437,0.2962,1.0,0.8858,2.6169,0
0.683,2.3723,0.1986,0.3068,3.0,0.6063,3.0799,0
0.5819,4.4343,0.4576,0.4907,4.0,0.4861,2.94,1
0.9573,1.5967,0.0686,0.0179,2.0,0.6981,2.5765,0
0.6558,1.8697,0.4424,0.2029,2.0,0.8922,2.4272,0
0.3599,4.8108,0.1109,0.2717,7.0,0.6288,7.0305,1
0.6467,4.045,0.0153,0.1861,0.0,0.8157,4.9472,0
0.3853,2.4867,0.4182,0.6418,2.0,0.4657,5.9811,1
0.6435,4.883,0.6212,0.4879,2.0,0.6426,5.0429,1
0.9754,1.614,0.1828,0.2563,1.0,0.6098,5.7968,0
0.5451,3.5927,0.5647,0.7772,5.0,0.3601,7.7442,1
0.6544,2.1077,0.2574,0.3334,1.0,0.5179,4.9196,0
0.5201,2.85,0.623,0.6214,2.0,0.2988,6.67,1
0.73,3.1364,0.3133,0.616,6.0,0.3521,4.4083,1
0.6711,2.8124,0.5823,0.4196,4.0,0.5083,5.4558,1
0.726,3.7136,0.1503,0.1211,1.0,0.7468,3.6111,0
0.4129,3.9512,0.286,0.7382,7.0,0.1,3.4672,1
0.4566,3.0403,0.3294,0.533,2.0,0.6928,6.4272,1
0.8122,4.6834,0.292,0.7941,3.0,0.6023,7.785,1
0.7606,3.5364,0.1166,0.3454,0.0,0.3597,3.5844,0
0.9595,2.5467,0.2143,0.2233,3.0,0.4953,4.6702,0
0.4961,4.8928,0.4519,0.6996,4.0,0.4637,6.9954,1
0.8653,2.7928,0.1214,0.0033,2.0,0.7786,2.9385,0
0.7518,4.1217,0.3182,0.6472,7.0,0.4461,6.9009,1
0.4305,6.0877,0.3209,0.1862,3.0,0.3876,6.6838,1
0.6472,3.5576,0.0,0.2276,2.0,0.8152,3.938,0
0.8595,1.0651,0.1525,0.0888,3.0,0.4854,3.8009,0
0.4954,3.9576,0.3036,0.3768,8.0,0.2614,8.1721,1
0.4164,5.3291,0.1863,0.7,1.0,0.5615,5.0409,1
0.5286,2.2232,0.3604,0.2545,0.0,0.6127,3.4383,0
0.4089,1.8779,0.3665,0.1566,2.0,0.5572,3.9227,0
0.8738,2.919,0.1985,0.026,3.0,0.6274,4.1195,0
0.4195,3.6434,0.3279,0.3388,3.0,0.5627,5.5556,1
0.8951,1.4856,0.2302,0.3693,2.0,0.6732,2.3828,0
0.5756,4.274,0.2134,0.3284,4.0,0.3221,7.902,1
0.9171,2.9268,0.1216,0.066,2.0,0.8018,3.4067,0
0.4701,4.9823,0.4851,0.4342,3.0,0.4356,7.0606,1
0.6287,3.5195,0.0,0.2685,1.0,0.7638,3.627,0
0.5006,5.8775,0.3127,0.275,2.0,0.7425,7.3514,1
0.8359,6.2157,0.2513,0.5577,4.0,0.622,7.3835,1
0.8451,2.9602,0.293,0.2239,3.0,0.7237,4.4448,0
0.6529,3.4913,0.1554,0.3595,3.0,0.8068,3.0306,0
0.8198,2.9058,0.2416,0.3469,7.0,0.4047,8.4052,1
0.5302,3.4318,0.1318,0.3363,4.0,0.6984,5.0637,0
0.5702,2.7148,0.3971,0.2063,6.0,0.6665,3.4709,0
0.82,3.3525,0.0575,0.0599,3.0,0.5514,3.3654,0
0.7108,2.9609,0.1587,0.2478,2.0,0.8134,5.2294,0
0.4857,3.0265,0.3623,0.5054,2.0,0.4303,7.0012,1
0.5514,6.3294,0.223,0.643,2.0,0.8886,6.0466,1
0.7281,2.3927,0.2387,0.1,4.0,0.6715,4.0286,0
0.679,4.5479,0.2861,0.6898,3.0,0.5942,4.5871,1
0.3952,3.033,0.3416,0.5408,3.0,0.4881,6.3346,1
1.0,1.4049,0.1551,0.1018,0.0,0.8214,2.0259,0
0.8692,2.4118,0.1437,0.4385,1.0,0.679,3.4765,0
0.6395,4.8183,0.3951,0.8192,9.0,0.4969,7.5405,1
0.658,3.5057,0.1581,0.303,4.0,0.7496,5.259,0
1.0,3.0668,0.147,0.3888,1.0,0.8342,2.8627,0
0.6757,3.4997,0.1861,0.3464,6.0,0.5661,6.2543,1
0.9017,3.4101,0.2218,0.4894,2.0,0.7008,5.047,0
0.4466,3.3563,0.2806,0.6253,3.0,0.3575,7.9681,1
0.5422,2.1017,0.3857,0.4219,1.0,0.685,4.1187,0
0.7108,0.8,0.0008,0.2218,2.0,0.8914,5.7585,0
0.9544,2.7018,0.2969,0.1925,2.0,0.5999,2.9866,0
0.7625,3.1947,0.4205,0.6199,9.0,0.2052,4.5104,1
0.4951,2.8691,0.3252,0.1294,3.0,0.7543,4.1408,0
0.4672,3.1977,0.2767,0.5305,6.0,0.5635,6.3582,1
0.4926,3.8754,0.2725,0.3,7.0,0.2675,9.0735,1
0.452,3.2356,0.4628,0.5596,5.0,0.5981,8.3956,1
0.6911,5.37,0.2925,0.5815,3.0,0.4696,7.3722,1
0.5566,4.0134,0.2974,0.4207,3.0,0.3843,5.3074,1
0.8721,2.5479,0.246,0.1495,2.0,0.7572,2.6371,0
0.584,6.097,0.3075,0.267,3.0,0.5477,7.8257,1
0.9605,2.6149,0.0468,0.2802,4.0,0.6629,3.0648,0
0.3918,4.5243,0.2031,0.0894,4.0,0.6391,5.8399,1
0.6213,1.5573,0.2289,0.0633,1.0,0.6698,4.5566,0
0.508,5.3744,0.1694,0.4099,3.0,0.3694,6.0672,1
0.8367,3.1461,0.2258,0.0848,0.0,0.8554,4.0449,0
0.8554,3.0802,0.1617,0.411,0.0,0.4924,3.8201,0
0.6123,5.0798,0.3873,0.6943,2.0,0.2085,6.3962,1
0.6312,4.4848,0.1626,0.5767,6.0,0.3908,6.2421,1
0.3495,2.9998,0.1784,0.4827,6.0,0.4315,6.317,1
0.8333,3.2396,0.3051,0.0379,1.0,0.5826,2.507,0
0.5644,3.9762,0.4905,0.2868,3.0,0.269,6.6826,1
0.9541,2.911,0.1323,0.2101,1.0,1.0,3.606,0
0.6362,6.3998,0.374,0.6778,2.0,0.4483,6.3997,1
0.4701,3.5011,0.2386,0.4996,5.0,0.309,8.2821,1
0.5871,3.2533,0.1528,0.0204,2.0,0.6844,1.3772,0
0.5634,2.5134,0.1765,0.1658,3.0,0.4944,1.4041,0
0.6236,4.5185,0.3739,0.401,1.0,0.22,4.7435,1
0.2963,3.816,0.327,0.2539,5.0,0.4845,6.9597,1
0.5975,1.6307,0.3642,0.4814,4.0,0.1229,8.2126,1
0.3088,5.7392,0.1597,0.6589,5.0,0.4694,4.6882,1
0.6747,2.4843,0.2695,0.1832,6.0,0.7024,3.1787,0
0.5806,2.278,0.0724,0.122,0.0,0.567,2.3739,0
0.5042,5.3367,0.2946,0.4699,2.0,0.5534,5.6718,1
0.7877,2.0382,0.1118,0.1723,3.0,0.6424,2.8098,0
0.3858,4.8602,0.3727,0.5726,1.0,0.2817,6.0618,1
0.502,1.1329,0.2975,0.1413,2.0,0.3128,1.7139,0
0.5996,2.8499,0.115,0.3416,2.0,0.5743,6.3819,1
0.3026,3.3191,0.2192,0.45,2.0,0.299,5.4797,1
0.8945,2.5572,0.0,0.2579,1.0,0.5612,4.9082,0
0.5415,2.1746,0.0871,0.3019,0.0,0.5965,2.0982,0
0.8426,3.3652,0.2669,0.2249,1.0,0.5273,4.6794,0
0.7438,3.6806,0.3696,0.4833,4.0,0.4208,4.977,1
0.6602,1.9495,0.2212,0.656,1.0,0.6782,7.5411,1
0.82,3.6426,0.4154,0.3884,3.0,0.2999,5.8728,1
0.3735,3.258,0.3251,0.3758,2.0,0.5537,5.1802,0
0.5281,5.2272,0.1,0.4074,4.0,0.4014,6.1039,1
0.7306,1.6812,0.0863,0.0,0.0,0.6962,6.5647,0
0.5207,4.48,0.4721,0.5554,5.0,0.6241,6.6321,1
0.8368,3.2353,0.2527,0.1942,0.0,0.6608,4.4089,0
0.5398,5.2318,0.1488,0.326,5.0,0.2572,9.4962,1
0.6972,2.3946,0.3359,0.4929,4.0,0.3168,5.0535,1
0.7074,3.1854,0.1745,0.297,5.0,0.6547,1.6825,0
0.7917,2.5609,0.0618,0.2549,0.0,0.7306,4.0369,0
0.6763,2.7352,0.0865,0.109,2.0,0.6639,3.7489,0
0.3844,1.9567,0.3868,0.4749,4.0,0.2689,6.0364,1
0.6214,3.3821,0.0863,0.3232,4.0,0.4477,4.7094,0
0.6864,3.912,0.4483,0.3294,2.0,0.539,7.3524,1
0.6111,0.8014,0.082,0.2254,2.0,0.7456,4.1904,0
0.821,3.3516,0.0871,0.2229,2.0,0.7129,4.7107,0
0.8396,1.6614,0.2301,0.1847,4.0,0.7566,3.8251,0
0.8423,2.2475,0.1479,0.2782,1.0,0.7281,3.3255,0
0.5904,3.8077,0.5306,0.796,3.0,0.3449,7.9863,1
0.5008,1.0,0.26,0.449,6.0,0.3539,3.6446,1
0.82,2.2378,0.419,0.2914,7.0,0.2187,5.843,1
0.7501,2.2961,0.125,0.2004,2.0,0.7437,2.1783,0
0.5166,4.5721,0.601,0.3653,1.0,0.5906,5.5318,1
0.7429,2.017,0.0877,0.178,3.0,0.8414,3.5538,0
0.7888,3.6492,0.2994,0.3666,1.0,0.5698,4.7756,0
0.7873,4.3164,0.5914,0.5498,5.0,0.4418,7.4443,1
0.3874,5.2747,0.3048,0.5437,3.0,0.2001,6.2147,1
0.6764,3.8516,0.2402,0.5567,5.0,0.6013,5.2513,1
0.7707,2.5064,0.1247,0.1725,0.0,0.5607,4.7979,0
0.7725,2.5002,0.0004,0.2464,4.0,0.638,3.6478,0
1.0,3.8356,0.2572,0.3738,1.0,0.8053,3.9379,0
0.4714,1.0,0.3768,0.6559,6.0,0.6575,5.1462,1
0.8566,2.5068,0.2326,0.3049,4.0,0.8758,2.8224,0
0.7056,3.6631,0.2849,0.6064,6.0,0.4042,3.5814,1
0.8279,1.7196,0.1193,0.0732,2.0,0.9422,4.369,0
0.7916,2.3604,0.0635,0.2839,4.0,1.0,3.7469,0
0.4998,3.6777,0.2245,0.5223,3.0,0.7218,3.3071,1
0.6771,3.9049,0.1578,0.0776,4.0,0.6854,4.0595,0
0.6014,5.0962,0.5361,0.683,5.0,0.385,6.6834,1
0.3225,4.817,0.1,0.6553,2.0,0.423,8.0731,1
0.4345,4.3816,0.5088,0.287,5.0,0.655,8.153,1
0.7181,3.2181,0.1611,0.3796,1.0,0.6141,4.0564,0
0.7911,3.1397,0.3367,0.3714,1.0,0.8307,3.4387,0
0.7026,3.2524,0.1124,0.068,2.0,0.7403,3.6022,0
0.3888,3.3421,0.2212,0.6828,4.0,0.4965,7.7726,1
0.7882,1.9753,0.0838,0.0851,5.0,0.79,3.3779,0
0.6805,1.8995,0.3311,0.0097,2.0,0.6021,3.9167,0
0.4831,5.1286,0.3594,0.6869,2.0,0.4275,7.7021,1
0.919,1.1547,0.0619,0.3757,1.0,0.623,5.5474,0
0.6814,3.0974,0.2953,0.3731,6.0,0.6485,7.45,1
0.8033,3.2386,0.2675,0.3121,2.0,0.7421,7.3512,1
0.6141,1.1553,0.093,0.1755,2.0,0.8126,2.3702,0
0.5891,2.8501,0.199,0.7257,3.0,0.3367,6.9576,1
0.4795,4.9824,0.4136,0.4929,1.0,0.4931,5.0023,1
0.8628,2.5203,0.2774,0.2719,0.0,0.7877,3.8684,0
0.8447,1.4208,0.2563,0.1644,2.0,0.7914,4.1153,0
0.5334,2.9534,0.3727,0.4298,4.0,0.4511,5.3324,1
0.8296,2.1928,0.157,0.104,3.0,0.4773,1.8978,0
0.9906,2.625,0.2273,0.2698,4.0,0.811,1.7235,0
0.8956,2.3238,0.2767,0.3221,2.0,0.7789,5.024,0
0.7079,2.3405,0.116,0.28,3.0,0.6173,3.2584,0
0.8401,2.311,0.1362,0.196,0.0,0.6278,1.7009,0
0.6305,2.3207,0.0389,0.2828,1.0,0.6368,3.5336,0
0.6522,2.6652,0.3306,0.3152,5.0,0.2647,7.7116,1
0.6734,5.4772,0.476,0.5184,5.0,0.7487,7.1424,1
0.3045,3.4099,0.4189,0.5524,4.0,0.2326,7.5867,1
0.4681,3.1587,0.3575,0.3781,3.0,0.5718,7.6282,1
0.6896,2.5553,0.2092,0.0408,4.0,0.5941,4.32,0
1.0,2.5493,0.1146,0.2409,2.0,0.7712,4.2981,0
0.7477,3.3486,0.1619,0.1316,0.0,0.7839,3.0165,0
0.6776,1.8399,0.2504,0.2473,2.0,0.6551,5.777,0
0.7919,1.8116,0.2172,0.138,4.0,0.6692,3.3781,0
0.7444,2.7376,0.2855,0.5163,10.0,0.3423,7.365,1
0.5435,2.939,0.1442,0.4201,3.0,0.1398,5.3937,1
0.6201,3.3484,0.443,0.6781,1.0,0.5819,5.5198,1
0.8038,2.2371,0.3651,0.3168,2.0,0.601,2.1393,0
0.4916,3.4122,0.3221,0.4987,3.0,0.648,9.9095,1
0.9678,2.1097,0.0379,0.4009,3.0,0.6549,2.265,0
0.5686,4.4411,0.6925,0.7195,3.0,0.5449,7.1505,1
0.5505,2.158,0.2363,0.4518,1.0,0.5933,4.3495,0
0.4858,6.0329,0.457,0.6478,3.0,0.2442,5.5121,1
0.7771,3.6011,0.1314,0.0644,2.0,0.6063,3.6193,0
0.82,4.8628,0.4741,0.7109,6.0,0.4072,5.6646,1
1.0,2.3971,0.232,0.1341,1.0,1.0,1.9951,0
0.829,3.7816,0.0,0.2879,1.0,0.794,4.2248,0
0.7422,2.3282,0.1118,0.3043,2.0,0.7932,1.5164,0
0.919,2.5995,0.0,0.0653,2.0,0.661,1.7543,0
0.6525,2.0084,0.1021,0.2413,2.0,0.7481,4.5487,0
0.386,2.2218,0.2665,0.1365,2.0,0.4022,6.6186,1
0.6756,3.0725,0.4049,0.2372,2.0,0.8107,3.2605,0
0.3215,4.2958,0.3726,0.4793,3.0,0.4575,7.2941,1
0.5448,4.0364,0.5378,0.6025,4.0,0.5867,6.3404,1
0.8657,1.9984,0.2669,0.1557,0.0,0.786,2.6882,0
0.8006,2.5662,0.3195,0.3175,2.0,0.7727,1.7093,0
0.6503,2.5448,0.3422,0.2769,3.0,0.6223,2.1099,0
0.6476,1.9582,0.2944,0.1141,5.0,0.5998,4.4427,0
0.6206,2.3439,0.0547,0.1283,5.0,0.6149,3.9846,0
0.5555,1.9124,0.288,0.2473,1.0,0.8116,4.2288,0
0.7282,4.2502,0.3874,0.5203,7.0,0.441,8.1732,1
0.3121,4.0372,0.3168,0.5694,9.0,0.384,6.7655,1
0.78,3.3141,0.3644,0.6552,2.0,0.7185,4.9494,1
0.8044,4.4638,0.2376,0.0944,2.0,0.5983,5.4383,0
0.7163,1.7317,0.1425,0.1289,2.0,0.7243,3.5028,0
0.3593,3.3886,0.26,0.6391,4.0,0.6799,6.1795,1
0.5205,4.6003,0.4666,0.5022,3.0,0.3121,10.3156,1
0.7147,2.8974,0.1265,0.0695,1.0,0.5093,3.5211,0
0.7034,3.6546,0.355,0.5477,6.0,0.7579,6.7055,1
0.7237,3.8101,0.3844,0.3197,7.0,0.3939,4.8481,1
0.8234,2.4658,0.0194,0.133,1.0,0.667,3.0285,0
0.4464,3.7117,0.3574,0.5958,2.0,0.3109,8.5603,1
0.6021,4.0274,0.2854,0.4787,2.0,0.3438,7.0817,1
0.7234,4.3227,0.3479,0.2309,2.0,0.618,2.004,0
0.7215,1.4323,0.1792,0.1458,2.0,0.6495,3.2924,0
0.7603,2.8724,0.4507,0.6884,2.0,0.5788,5.6862,1
0.458,5.2124,0.4686,0.5033,5.0,0.302,7.1409,1
0.526,2.7628,0.2373,0.3353,2.0,0.5081,3.2484,0
0.9035,2.5797,0.051,0.0014,2.0,0.5277,3.9085,0
0.798,2.7157,0.154,0.1316,1.0,0.8357,4.5611,0
0.3823,1.3065,0.3488,0.5462,6.0,0.6758,7.2666,1
0.7164,2.4391,0.1064,0.2299,2.0,0.86,3.7827,0
0.7497,3.7888,0.1379,0.1849,3.0,0.6958,1.4046,0
0.6828,3.5627,0.286,0.3749,1.0,0.4297,2.3079,0
0.514,3.3837,0.2158,0.5542,1.0,0.5822,5.8357,1
0.7855,1.6264,0.1583,0.4391,5.0,0.6485,3.1479,0
0.6235,1.1256,0.2159,0.2401,4.0,0.6881,4.5686,0
0.5825,2.4125,0.2513,0.237,3.0,0.8678,3.4611,0
0.7733,2.8634,0.1453,0.2581,1.0,0.4459,3.9986,0
0.7816,1.9529,0.2695,0.2686,2.0,0.7095,3.9962,0
0.671,1.8984,0.0678,0.1395,2.0,0.8892,4.1755,0
0.2497,5.1695,0.4143,0.6034,6.0,0.1,5.0365,1
0.6229,1.3418,0.4898,0.6974,2.0,0.5266,4.9322,1
0.8092,2.3702,0.0,0.1451,1.0,0.6606,3.1136,0
0.5231,3.8648,0.3212,0.6097,2.0,0.2005,6.3591,1
0.7595,1.6857,0.4556,0.5445,5.0,0.5406,4.4758,1
0.7188,1.2121,0.1532,0.0683,3.0,0.5943,6.2958,0
0.7577,2.0482,0.0928,0.4154,3.0,0.534,3.2099,0
0.6388,4.3379,0.2472,0.307,1.0,0.5084,6.6107,1
0.9196,2.3805,0.104,0.2441,1.0,0.726,3.0703,0
0.6422,4.3409,0.416,0.3516,3.0,0.5961,4.3329,1
0.716,2.5162,0.3724,0.5274,4.0,0.6009,4.8026,1
0.7521,4.849,0.329,0.644,2.0,0.4757,7.2962,1
0.4526,3.9145,0.2412,0.1992,5.0,0.3216,4.8845,1
0.6318,2.8908,0.2643,0.572,3.0,0.402,1.9481,0
0.7062,3.0671,0.338,0.3986,1.0,0.8591,3.4686,0
0.7761,2.7647,0.2048,0.1123,2.0,0.7206,3.1,0
0.6571,3.6434,0.3298,0.5495,4.0,0.4274,6.5521,1
0.3367,2.8244,0.359,0.441,1.0,0.5461,6.5577,1
0.6004,2.7043,0.4066,0.6434,6.0,0.6712,6.9952,1
0.9799,1.1795,0.1234,0.0644,2.0,0.5224,4.0557,0
0.8828,3.098,0.1173,0.3658,2.0,0.7201,2.6668,0
0.4898,4.6717,0.4514,0.6497,4.0,0.5155,7.8556,1
0.7672,1.8384,0.0,0.2174,2.0,0.4807,5.4079,0
0.5429,0.8269,0.5237,0.3533,1.0,0.4892,3.3882,0
0.501,3.3504,0.121,0.3703,8.0,0.4589,7.606,1
0.5417,4.3635,0.4325,0.4998,4.0,0.434,4.8799,1
0.7152,1.69,0.0,0.2652,4.0,0.8858,5.4437,0
0.5959,1.2883,0.2174,0.2717,1.0,0.7145,3.0616,0
0.7312,5.0629,0.2942,0.6843,3.0,0.5662,5.0521,1
0.7931,2.3782,0.1394,0.0994,0.0,0.6869,2.5692,0
0.7569,1.9098,0.1438,0.1245,0.0,0.8416,2.6458,0
0.6546,2.8511,0.2277,0.1228,2.0,0.6205,2.3312,0
0.4138,3.2699,0.5914,0.4453,4.0,0.2517,6.673,1
0.4006,4.6066,0.2784,0.2051,4.0,0.3855,5.7938,1
0.8296,1.9388,0.053,0.3462,0.0,0.7771,3.1207,0
0.5775,3.4362,0.5116,0.5444,4.0,0.4946,6.7723,1
0.8416,2.2288,0.1678,0.1208,0.0,0.541,4.5429,0
0.4404,3.614,0.3276,0.6583,2.0,0.5232,5.6417,1
0.6919,4.8913,0.4414,0.2369,1.0,0.4438,6.541,1
0.8067,4.1577,0.3549,0.5395,2.0,0.373,6.3063,1
0.4016,3.6418,0.4791,0.6642,4.0,0.5523,3.5975,1
0.6749,2.587,0.1453,0.2464,1.0,0.7634,2.7691,0
0.7241,2.4976,0.1426,0.2485,2.0,0.8233,4.2392,0
0.5744,1.523,0.1367,0.1555,1.0,0.8016,1.3112,0
0.9082,2.0135,0.3319,0.2776,2.0,0.6023,4.2466,0
0.5977,2.9303,0.1875,0.4168,0.0,0.261,1.877,0
0.2996,3.1419,0.1,0.5497,9.0,0.4331,6.8236,1
0.7007,2.6667,0.3271,0.2702,4.0,0.6881,8.192,1
0.8333,2.9879,0.213,0.1529,3.0,0.7703,3.0852,0
0.4594,5.529,0.1,0.762,3.0,0.5779,7.2031,1
0.8588,4.1306,0.2626,0.0622,3.0,0.4595,3.4866,0
0.5516,3.4779,0.4624,0.6548,3.0,0.3907,4.1051,1
0.5651,3.9332,0.4517,0.5914,1.0,0.4664,6.0569,1
0.6951,2.9081,0.2458,0.3494,2.0,0.5296,3.2698,0
0.7624,2.744,0.1925,0.1249,0.0,0.732,2.1769,0
0.4333,3.0544,0.685,0.4905,1.0,0.4219,5.885,1
0.6316,3.591,0.2653,0.3663,3.0,0.2704,6.3306,1
0.7702,1.269,0.2267,0.3888,2.0,0.7974,5.3248,0
0.4475,4.3413,0.3564,0.5972,7.0,0.5891,6.5965,1
0.3945,3.5881,0.3654,0.7119,7.0,0.387,5.7148,1
0.426,3.7457,0.2493,0.6164,3.0,0.5667,6.5012,1
0.7195,3.8326,0.2343,0.1723,3.0,0.5818,3.9055,1
0.6685,5.8616,0.4228,0.5043,3.0,0.3209,4.0459,1
0.8452,2.8873,0.185,0.1104,4.0,0.8228,3.669,0
0.7881,2.9059,0.1396,0.1189,1.0,0.7058,2.8167,0
0.7778,2.8902,0.2853,0.1274,3.0,0.7638,2.1375,0
0.597,3.9672,0.2595,0.386,4.0,0.3293,3.1468,1
0.6813,2.3427,0.1484,0.3485,6.0,0.7321,1.7181,0
0.5353,3.5136,0.2047,0.1638,0.0,0.8727,3.8062,0
0.944,2.731,0.1775,0.3778,2.0,0.3635,3.654,0
0.7516,3.8408,0.1771,0.2046,5.0,0.6651,3.1198,0
0.3091,3.6372,0.344,0.7111,3.0,0.5887,6.9732,1
0.5336,3.0974,0.4283,0.47,3.0,0.5524,6.7376,1
0.6672,5.0412,0.4661,0.3735,2.0,0.7582,6.0021,1
0.6349,5.0157,0.458,0.7403,4.0,0.5912,7.3267,1
0.7407,2.7059,0.2414,0.1369,2.0,0.8063,2.5271,0
0.5124,2.8716,0.4174,0.7643,7.0,0.3975,6.3131,1
0.4487,4.445,0.3909,0.4987,8.0,0.2074,4.7861,1
0.8191,1.9771,0.1983,0.2102,3.0,0.7501,5.7603,0
0.8208,3.3044,0.4572,0.4378,1.0,0.6723,8.9334,1
0.8079,3.4228,0.1282,0.1674,2.0,0.8045,1.7185,0
0.4423,3.3309,0.5561,0.5158,6.0,0.3735,7.6551,1
0.7306,5.879,0.2062,0.6719,5.0,0.7947,6.6166,1
0.4911,1.0,0.3756,0.3884,1.0,0.6492,4.9739,1
0.8206,3.6246,0.16,0.0,0.0,0.5792,3.7478,0
0.611,4.4813,0.0436,0.3825,4.0,0.6525,4.1167,0
0.7025,3.996,0.1063,0.1643,6.0,0.5575,5.6752,1
0.6502,1.9571,0.2065,0.2411,2.0,0.6823,4.3291,0
0.5635,2.7798,0.3055,0.23,1.0,0.5595,4.1638,0
0.4432,4.1783,0.3947,0.4611,2.0,0.5945,4.6155,1
0.7513,2.831,0.0908,0.3074,3.0,0.7846,4.4956,0
0.7288,1.9154,0.2133,0.2549,3.0,0.7227,2.1353,0
0.5591,5.7413,0.4597,0.4983,1.0,0.4639,6.3009,1
0.4494,2.5481,0.51,0.5641,3.0,0.1389,2.1048,1
0.4181,3.6647,0.1509,0.5269,1.0,0.4523,6.4727,1
0.7758,2.6287,0.1869,0.1357,3.0,0.6759,2.4699,0
0.5591,1.9585,0.1695,0.382,0.0,0.6323,2.152,0
0.7174,3.4045,0.1729,0.7098,5.0,0.4489,7.0172,1
0.4837,3.933,0.1783,0.3808,3.0,0.4679,7.9484,1
0.8702,4.0082,0.2634,0.3483,0.0,0.8059,3.6912,0
0.7817,1.2626,0.1262,0.1501,4.0,0.7287,1.6565,0
0.5814,2.6394,0.1084,0.14,3.0,0.7954,3.5239,0
0.6872,3.2405,0.123,0.3747,1.0,0.5765,5.4443,0
0.7272,2.1437,0.1711,0.1724,3.0,0.6422,2.6971,0
0.7871,1.7946,0.1045,0.2901,1.0,0.7475,3.0865,0
0.643,5.9866,0.5139,0.4658,4.0,0.4256,5.3245,1
0.4647,5.1302,0.2581,0.4304,3.0,0.3617,6.1508,1
0.9853,3.8284,0.4664,0.6572,6.0,0.5675,6.492,1
0.6404,2.3684,0.2084,0.3174,1.0,0.692,5.3681,0
0.5415,6.1294,0.58,0.6829,13.0,0.4004,6.1058,1
0.6245,4.6113,0.6113,0.2133,1.0,0.6758,7.0433,1
0.7782,4.0928,0.1865,0.3495,5.0,0.2751,4.0227,1
0.6661,2.9763,0.5886,0.568,6.0,0.1568,6.7741,1
0.7793,3.5902,0.4591,0.6564,4.0,0.4261,8.0189,1
0.7519,1.6405,0.1447,0.0497,2.0,0.7896,2.1589,0
0.8911,3.1357,0.2113,0.4514,3.0,0.7705,7.8852,1
0.6174,5.3475,0.309,0.2704,3.0,0.5631,7.6942,1
0.4935,1.8486,0.1579,0.3098,2.0,0.8095,2.756,0
0.4391,3.1874,0.4773,0.3754,5.0,0.2411,6.8213,1
0.3953,4.9323,0.4734,0.4583,3.0,0.2474,8.4148,1
0.7693,2.6558,0.1291,0.1839,1.0,0.3763,3.5008,0
0.6656,3.2172,0.3538,0.1413,1.0,0.42,8.0848,1
0.1406,4.4425,0.431,0.5303,5.0,0.4027,7.92,1
0.6273,4.6325,0.2752,0.8958,4.0,0.4546,4.4841,1
0.7956,3.8402,0.4112,0.4858,5.0,0.6393,7.2947,1
0.7775,1.9598,0.0,0.0958,1.0,0.7179,3.4255,0
0.6381,4.5963,0.2684,0.1999,3.0,0.8466,6.0582,1
0.8776,1.0082,0.2407,0.2306,2.0,0.8237,3.7859,0
0.8156,1.7465,0.3931,0.2083,3.0,0.5169,4.6134,0
0.8795,2.4516,0.1044,0.1937,4.0,0.4947,4.3127,0
0.8189,3.1506,0.151,0.3262,2.0,0.6254,5.3044,0
0.5786,2.9379,0.4338,0.7386,3.0,0.2814,4.9895,1
0.6335,2.3032,0.4594,0.4486,4.0,0.7448,4.3708,0
0.7931,5.8022,0.4983,0.6135,2.0,0.3965,3.4816,1
0.3129,4.4656,0.283,0.6926,5.0,0.4546,4.6773,1
0.747,1.4499,0.2134,0.4345,2.0,0.6396,3.3804,0
0.557,1.6771,0.3959,0.556,3.0,0.7452,6.937,1
0.6472,2.9752,0.1808,0.2395,5.0,0.6849,4.2054,0
0.9285,1.7224,0.1334,0.3083,1.0,0.6419,2.2922,0
0.774,2.4608,0.0914,0.1035,1.0,0.6151,3.8362,0
0.6169,2.3625,0.2547,0.2605,2.0,0.3488,3.3442,0
0.4339,3.85,0.4554,0.2737,4.0,0.6344,1.0199,0
0.6333,2.2663,0.0,0.3051,0.0,0.5161,3.4557,0
0.6335,3.2646,0.0165,0.2554,1.0,0.7009,3.4908,0
0.5666,4.6966,0.2278,0.3889,4.0,0.4743,6.2785,1
0.507,4.641,0.339,0.482,8.0,0.7133,4.3981,1
0.299,4.6082,0.3889,0.5307,8.0,0.5917,4.8483,1
0.7629,4.2019,0.0586,0.3068,3.0,0.5553,3.6031,0
0.4713,4.766,0.4892,0.7113,3.0,0.4089,9.1185,1
0.7339,2.8064,0.1142,0.0445,0.0,0.91,4.5662,0
0.82,4.3517,0.4756,0.4964,2.0,0.5703,4.4408,1
0.5351,3.7286,0.4322,0.7064,2.0,0.6253,6.6368,1
0.6403,2.1751,0.265,0.4075,1.0,0.6578,5.645,0
0.4908,4.8845,0.3583,0.4516,5.0,0.311,5.8163,1
0.6032,4.8575,0.6462,0.4512,3.0,0.567,8.4181,1
0.8858,3.7027,0.1989,0.3025,2.0,0.7435,2.1545,0
0.6668,2.5529,0.3603,0.4785,3.0,0.4709,3.1979,0
0.3952,4.4441,0.1688,0.2641,4.0,0.5905,7.794,1
0.6109,4.4885,0.569,0.1458,3.0,0.6562,8.467,1
0.607,2.2325,0.3793,0.1808,5.0,0.5221,4.4094,0
0.8656,2.6261,0.298,0.3767,0.0,0.661,1.4191,0
0.7378,2.2504,0.2434,0.0,1.0,0.733,3.6554,0
0.6427,4.6692,0.4057,0.4853,2.0,0.5384,4.7474,1
0.8177,3.8166,0.2168,0.2384,3.0,0.6055,4.8463,0
0.712,2.579,0.2753,0.0409,5.0,0.7747,4.7228,0
0.738,5.1778,0.5639,0.5906,4.0,0.4454,7.9133,1
0.6062,6.1295,0.3365,0.3595,6.0,0.4155,7.1721,1
0.3648,4.0472,0.4053,0.5418,6.0,0.4777,7.0106,1
0.7264,1.3758,0.2128,0.41,1.0,0.7745,2.9109,0
0.5186,2.5541,0.0507,0.5112,8.0,0.5009,5.1677,1
0.5469,4.3443,0.3219,0.6912,4.0,0.4455,4.9856,1
0.5061,2.8241,0.329,0.2146,1.0,0.3578,5.2642,1
0.4808,3.49,0.3144,0.5269,2.0,0.5206,7.8166,1
0.6871,1.963,0.0789,0.1138,3.0,0.8985,2.2094,0
0.8551,1.9558,0.1963,0.2678,1.0,0.7129,3.3362,0
0.7128,2.7166,0.1545,0.0,2.0,0.7386,4.2649,0
0.6555,2.4273,0.1576,0.229,0.0,0.8428,1.8518,0
0.4532,3.5046,0.3307,0.4736,4.0,0.4316,7.1883,1
0.3964,1.0,0.4273,0.95,2.0,0.6374,6.4772,1
0.5932,3.8377,0.5644,0.3892,2.0,0.5821,3.9353,1
0.6627,1.6769,0.0,0.2546,1.0,0.7847,4.5647,0
0.405,3.0542,0.448,0.443,2.0,0.292,7.4548,1
0.7072,2.435,0.3768,0.3738,3.0,0.6605,3.9985,0
0.8369,2.997,0.2786,0.2996,2.0,0.7625,3.7663,0
0.8163,3.1347,0.5051,0.6285,1.0,0.444,5.7554,1
0.6585,2.372,0.2962,0.0,1.0,0.3,2.7462,0
0.5924,3.7525,0.4836,0.7464,5.0,0.4746,5.0597,1
0.8492,3.1353,0.16,0.2688,2.0,0.6661,4.4482,0
0.8038,2.1419,0.2753,0.146,3.0,0.5999,1.3667,0
0.3466,2.7912,0.4874,0.6955,4.0,0.7349,4.3243,1
0.6418,4.1372,0.0336,0.4905,7.0,0.6841,5.323,1
0.2851,5.2753,0.5532,0.7327,6.0,0.4463,6.4095,1
0.6958,4.8499,0.2972,0.6459,6.0,0.635,5.2846,1
0.6158,1.6256,0.221,0.4994,7.0,0.7065,6.3138,1
0.6315,2.9178,0.2284,0.0898,3.0,0.8666,2.098,0
0.58,4.2499,0.4955,0.5078,10.0,0.2694,7.3105,1
0.9107,0.8884,0.2577,0.2866,2.0,0.3239,4.2062,0
0.6419,1.8183,0.3296,0.2815,1.0,0.7106,3.0785,0
0.6144,2.2203,0.2021,0.0157,3.0,0.5248,4.2785,0
0.3602,4.8761,0.5352,0.6552,4.0,0.5716,9.034,1
0.8616,3.0083,0.3254,0.2832,3.0,0.5867,3.0931,0
0.5448,2.7673,0.1121,0.1698,4.0,0.9767,3.6305,0
0.6112,2.874,0.2429,0.1814,2.0,0.7287,3.7934,0
0.5063,5.7856,0.4559,0.6921,4.0,0.421,6.8715,1
0.7109,4.1161,0.262,0.2148,3.0,0.3939,5.49,0
0.6406,2.115,0.1975,0.7076,1.0,0.6979,3.9629,1
0.6367,4.5044,0.3749,0.5729,1.0,0.5859,6.313,1
0.735,3.6859,0.136,0.1725,2.0,0.8311,1.7584,0
0.3448,5.1072,0.385,0.2824,7.0,0.3949,7.6669,1
0.6246,1.7973,0.0279,0.246,2.0,0.6988,3.3395,0
0.7168,1.6418,0.1593,0.4051,3.0,0.6228,8.8471,1
0.5713,3.6227,0.5119,0.6453,6.0,0.4938,6.7345,1
0.4831,7.504,0.7017,0.5941,7.0,0.4241,7.0391,1
0.6324,3.7639,0.5204,0.5458,6.0,0.78,5.9278,1
0.7608,3.8933,0.1966,0.1476,5.0,0.6728,8.3418,1
0.7222,3.8384,0.1733,0.4151,5.0,0.5943,4.8841,1
0.663,2.1538,0.2785,0.2983,1.0,0.7358,2.7243,0
0.25,6.1965,0.3318,0.5909,5.0,0.4721,8.1514,1
0.3844,2.3542,0.3424,0.5405,3.0,0.5416,5.3922,1
0.3234,4.7465,0.441,0.7652,5.0,0.1,7.2894,1
0.5736,3.018,0.4173,0.4944,3.0,0.3272,6.4845,1
0.5349,1.7752,0.4863,0.3288,3.0,0.78,7.7549,1
0.5379,3.9059,0.0307,0.5076,4.0,0.4672,7.9206,1
0.6984,2.423,0.1775,0.1344,3.0,0.5938,3.3828,0
0.5149,3.4407,0.3825,0.525,6.0,0.4401,4.4283,1
0.6803,2.3554,0.2444,0.2747,1.0,0.4784,5.6523,0
0.5237,5.575,0.2185,0.3733,1.0,0.3856,4.5301,1
0.2144,2.9149,0.4408,0.7383,5.0,0.4122,5.5656,1
0.6837,3.3512,0.0881,0.0361,4.0,0.6205,4.3455,0
0.5343,1.9093,0.2351,0.5187,1.0,0.6565,3.3509,0
0.82,3.9567,0.4696,0.4538,3.0,0.1804,5.2626,1
0.7934,4.0602,0.3993,0.7669,2.0,0.4858,7.9622,1
0.7013,2.0302,0.1856,0.3756,0.0,0.6466,2.6866,0
0.8216,2.0853,0.1893,0.2212,2.0,0.6577,3.1749,0
0.5958,1.3415,0.3592,0.3914,2.0,0.7203,5.45,0
0.6948,5.6686,0.4323,0.3859,1.0,0.1,7.1081,1
0.8417,2.7654,0.331,0.2287,3.0,0.8138,4.1037,0
0.6234,2.6011,0.4328,0.8694,4.0,0.4726,10.5544,1
0.5726,5.4951,0.3557,0.3777,4.0,0.626,7.7188,1
0.5591,1.7133,0.3314,0.0843,0.0,0.7931,5.4792,0
0.7419,4.3804,0.3605,0.5145,8.0,0.4478,5.9794,1
0.6884,3.4929,0.3535,0.1122,5.0,0.4719,3.4934,1
0.642,2.3725,0.4459,0.3356,2.0,0.323,7.8796,1
0.5492,2.4978,0.2437,0.5908,1.0,0.6477,4.2734,0
0.9039,1.8825,0.0,0.1265,4.0,0.7277,4.3304,0
0.7475,4.5381,0.4335,0.4535,5.0,0.5219,8.211,1
0.5768,1.4105,0.5538,0.5711,2.0,0.6907,6.0719,1
0.4041,1.8431,0.3551,0.412,6.0,0.2545,7.9828,1
0.4387,2.8833,0.3594,0.513,1.0,0.5336,5.7329,1
0.9415,1.1092,0.1363,0.1298,4.0,0.6059,4.8987,0
0.8078,2.3354,0.0675,0.0,4.0,0.7163,3.957,0
0.5099,3.6954,0.62,0.3807,2.0,0.5095,6.5233,1
0.4,4.0602,0.1668,0.2659,4.0,0.6764,4.5632,0
0.8101,2.6949,0.2122,0.1134,3.0,0.7733,1.6501,0
0.4816,2.907,0.3069,0.1385,0.0,0.5368,2.2187,0
0.7397,2.768,0.1748,0.217,2.0,0.7235,4.9604,0
0.4344,3.9758,0.5757,0.7838,2.0,0.3885,5.2504,1
0.5146,4.1406,0.3744,0.4363,7.0,0.3308,6.6822,1
0.7904,1.8655,0.2343,0.2221,2.0,0.827,4.8023,0
0.6739,3.5837,0.2448,0.5744,2.0,0.3176,9.451,1
0.9825,2.8552,0.1023,0.3865,0.0,0.6085,4.5326,0
0.429,3.6252,0.2132,0.6058,5.0,0.278,7.0282,1
0.5281,1.4339,0.1803,0.6156,5.0,0.3823,4.4044,1
0.6316,2.2663,0.1432,0.0894,1.0,0.6595,5.4499,0
0.7806,1.8888,0.2656,0.2613,0.0,0.6605,2.6366,0
0.6188,6.5691,0.1552,0.4593,2.0,0.5787,5.8809,1
0.4225,4.0185,0.5793,0.5003,5.0,0.3957,5.9871,1
0.5629,2.1993,0.3439,0.4049,2.0,0.4387,4.479,0
0.8057,3.1159,0.2181,0.0321,6.0,0.6648,4.4847,0
0.6971,1.583,0.2122,0.3222,3.0,0.5671,1.6119,0
0.6136,3.5236,0.4036,0.3782,7.0,0.6985,5.6535,1
0.7377,3.3067,0.4075,0.6728,10.0,0.6506,7.1371,1
0.5666,1.2169,0.1304,0.3416,0.0,0.6039,2.5443,0
0.8022,3.3354,0.2007,0.122,2.0,0.5847,3.0631,0
0.3864,4.8379,0.6061,0.5207,3.0,0.283,5.6063,1
0.5646,6.1659,0.3284,0.1882,2.0,0.3774,8.3149,1
0.7984,1.8465,0.099,0.1719,0.0,0.8879,3.654,0
0.4106,5.4356,0.1389,0.6779,5.0,0.4691,3.9156,1
0.7338,1.5818,0.0977,0.0643,4.0,0.6906,3.9005,0
0.7911,2.3692,0.3403,0.2831,0.0,0.6003,3.2121,0
0.7771,2.7066,0.4249,0.3932,2.0,0.4737,6.3573,1
0.5887,1.6069,0.2227,0.0911,3.0,0.8085,1.0,0
0.9483,1.2965,0.2427,0.2192,2.0,0.7823,3.4448,0
0.6898,5.1852,0.469,0.7337,3.0,0.43,5.194,1
0.91,1.3988,0.2171,0.1919,0.0,0.7884,3.3215,0
0.4593,5.6696,0.6574,0.4111,1.0,0.7258,7.2901,1
0.5598,3.8381,0.4015,0.2185,1.0,0.565,2.1297,0
0.5949,4.1416,0.332,0.3792,4.0,0.2541,6.7181,1
0.4824,4.0105,0.6343,0.6285,5.0,0.3789,4.8148,1
0.6958,6.0643,0.2814,0.2053,4.0,0.5079,9.7014,1
0.6889,2.2047,0.1576,0.404,4.0,0.629,1.9703,0
0.4743,2.6431,0.2637,0.585,3.0,0.2996,6.2627,1
0.6274,3.2435,0.2976,0.692,1.0,0.444,3.9381,1
0.6238,1.2554,0.2442,0.2994,3.0,0.7604,3.658,0
0.7902,1.8578,0.3213,0.0845,4.0,0.5308,5.9301,0
0.6761,1.3187,0.285,0.446,1.0,0.7399,3.8179,0
0.6949,3.638,0.3468,0.1363,3.0,0.5843,3.247,0
0.8909,3.3906,0.1023,0.1776,1.0,0.8153,5.2378,0
0.6529,3.1495,0.3237,0.541,3.0,0.4654,6.0821,1
0.6235,5.8137,0.3962,0.4888,6.0,0.3718,5.5293,1
0.4761,3.3223,0.2374,0.5643,1.0,0.4478,3.6861,1
0.353,2.9178,0.4169,0.2066,3.0,0.1458,4.9219,1
0.4969,4.7886,0.6,0.5372,6.0,0.5805,3.6243,1
0.7761,1.3328,0.1248,0.1707,3.0,0.633,3.0559,0
0.3189,3.0357,0.3207,0.7014,5.0,0.5642,7.9118,1
0.648,4.5133,0.3251,0.3022,3.0,0.5351,6.9008,1
0.7148,4.132,0.2626,0.291,2.0,0.8029,5.3822,0
0.6729,3.8842,0.4737,0.5137,4.0,0.4785,6.229,1
0.5155,3.8028,0.2967,0.6653,3.0,0.4211,8.1042,1
0.6103,3.2517,0.5268,0.7018,4.0,0.4356,7.5901,1
0.7428,3.3287,0.0953,0.2781,1.0,0.6655,2.5971,0
0.7523,3.3603,0.1507,0.1655,0.0,1.0,2.7109,0
0.9836,2.9385,0.1599,0.0672,3.0,0.5995,3.5185,0
0.8782,3.3005,0.1994,0.7153,1.0,0.5571,8.8275,1
0.737,2.3847,0.3173,0.4851,4.0,0.4152,4.3435,1
0.7649,3.2319,0.2603,0.1199,3.0,0.9219,3.2218,0
0.761,4.1258,0.2206,0.1272,2.0,0.7825,2.2113,0
0.3104,4.1292,0.2643,0.292,4.0,0.5656,8.2808,1
0.3283,3.9248,0.2485,0.312,5.0,0.5653,7.628,1
0.3783,4.501,0.298,0.495,4.0,0.5651,7.3847,1
0.4718,3.4364,0.421,0.2359,6.0,0.3455,6.7518,1
0.4977,2.9036,0.5227,0.6261,3.0,0.2821,3.4902,1
0.4629,3.4261,0.3845,0.6383,5.0,0.4593,9.3763,1
0.5565,2.5477,0.4674,0.7407,2.0,0.6985,4.4517,0
0.4771,4.9648,0.3179,0.4404,2.0,0.4424,6.0784,1
0.7215,2.4225,0.1171,0.1903,1.0,0.5099,5.1922,0
0.6445,3.0526,0.1278,0.1453,3.0,0.8289,3.4821,0
0.8725,2.2847,0.2683,0.1926,1.0,0.7952,3.3431,0
0.6241,3.881,0.2022,0.474,4.0,0.2749,8.0029,1
0.6672,2.2155,0.4006,0.4796,7.0,0.3669,7.4711,1
0.5695,3.3309,0.4585,0.672,4.0,0.133,7.7322,1
0.6884,3.3705,0.0,0.1411,3.0,0.7705,2.7271,0
0.618,4.8492,0.3349,0.5661,3.0,0.4308,5.0212,1
0.8803,2.7109,0.0975,0.2714,2.0,0.8769,3.1098,0
0.4808,4.0751,0.2984,0.3602,7.0,0.6354,3.7941,1
0.7066,3.2193,0.143,0.2401,3.0,0.8229,4.3348,0
0.4556,4.0197,0.2101,0.5309,5.0,0.3997,6.2169,1
0.5028,1.7571,0.3569,0.5848,3.0,0.9105,3.682,0
0.6044,2.794,0.0691,0.3317,0.0,0.728,3.8518,0
0.7143,4.5965,0.4266,0.2926,8.0,0.4541,8.3318,1
0.7409,2.8462,0.1507,0.1615,3.0,0.6281,4.4085,0
0.5511,2.9423,0.5043,0.4872,7.0,0.5235,5.7692,1
0.705,1.9486,0.3379,0.2086,5.0,0.8891,3.53,0
0.4451,2.8195,0.7056,0.6571,1.0,0.358,6.1582,1
0.6692,3.4844,0.3181,0.4756,4.0,0.5717,5.1807,1
0.4897,4.4284,0.2823,0.4663,3.0,0.8238,8.0347,1
0.8418,2.6742,0.2205,0.1304,0.0,0.5916,1.2787,0
0.6216,2.28,0.1207,0.0983,1.0,0.7929,1.0,0
0.5829,4.0182,0.4703,0.5658,1.0,0.5406,4.3961,1
0.5878,3.13,0.2547,0.3349,4.0,0.7424,9.4281,1
0.9425,1.248,0.3039,0.0313,6.0,0.6569,2.7576,0
0.5291,2.7216,0.3766,0.4815,4.0,0.3004,6.3582,1
0.6384,3.5472,0.4793,0.6534,2.0,0.176,8.1514,1
0.6851,1.5198,0.3477,0.4227,3.0,0.4129,3.2766,1
0.1,5.0213,0.4897,0.4654,6.0,0.3454,6.2013,1
0.5879,4.0107,0.2861,0.3563,1.0,0.5343,3.1006,0
0.8136,2.4957,0.1637,0.0677,2.0,0.632,2.6619,0
0.381,3.8008,0.5407,0.3089,2.0,0.3625,6.9332,1
0.7579,2.9186,0.2789,0.2127,4.0,0.5393,1.0,0
0.8387,1.9335,0.2836,0.3146,3.0,0.3831,4.2364,0
0.7806,1.8898,0.1619,0.2832,3.0,0.6814,4.0348,0
0.9049,5.0509,0.4499,0.433,2.0,0.5309,7.7521,1
0.5581,1.8495,0.1737,0.162,1.0,0.7445,3.369,0
0.6122,0.805,0.0887,0.1441,4.0,0.6434,1.4016,0
0.6452,3.2437,0.0852,0.1468,4.0,0.5717,3.8479,1
0.3587,3.8237,0.2865,0.5258,7.0,0.3873,6.4148,1
0.3445,2.7666,0.2776,0.6366,5.0,0.7042,7.851,1
0.3361,3.9847,0.4218,0.6161,4.0,0.4774,7.6402,1
0.8229,2.207,0.1916,0.0901,3.0,0.8633,4.1921,0
0.6697,2.9455,0.1299,0.2039,1.0,0.8249,3.1739,0
0.5317,2.8578,0.3228,0.5342,1.0,0.2912,7.6168,1
0.8686,2.7437,0.1575,0.4087,3.0,0.7061,4.2121,0
0.809,3.4414,0.1874,0.1059,2.0,0.4921,4.6882,1
0.6924,3.0286,0.1399,0.1273,1.0,0.7815,4.1242,0
1.0,2.3487,0.0085,0.1468,4.0,0.8249,1.97,0
0.8137,2.5796,0.1887,0.0505,1.0,0.7912,6.5976,0
0.9215,2.8758,0.1449,0.2663,0.0,0.4497,3.3727,0
0.839,3.5006,0.1606,0.1738,4.0,0.7393,2.9132,0
0.8375,2.7496,0.216,0.3772,5.0,0.6847,4.2736,0
0.4774,5.448,0.3493,0.5397,2.0,0.3856,6.9943,1
0.3802,5.5123,0.4593,0.4121,2.0,0.3835,7.5146,1
0.7735,1.6227,0.0854,0.407,1.0,0.5381,2.8227,0
0.6053,4.1327,0.4466,0.5533,3.0,0.4394,7.7167,1
0.5408,4.2492,0.5107,0.4132,4.0,0.5561,6.7852,1
0.5797,3.273,0.1654,0.1753,4.0,0.6353,2.8918,0
0.8775,3.2255,0.2263,0.2799,2.0,0.4809,5.7199,0
0.573,3.3194,0.1526,0.2816,2.0,0.871,3.9858,0
0.5266,4.465,0.5434,0.479,3.0,0.5793,6.6444,1
0.686,2.442,0.4125,0.4598,6.0,0.4963,6.7629,1
0.7893,1.9347,0.267,0.2052,2.0,0.7163,3.1866,0
0.5641,2.663,0.1803,0.2134,1.0,0.8563,2.9694,0
0.6441,2.9667,0.2914,0.3922,1.0,0.6014,1.9912,0
0.6488,3.264,0.1201,0.3152,3.0,0.828,4.3909,1
0.6873,1.8589,0.1899,0.1084,1.0,0.8321,3.6415,0
0.4448,5.2777,0.4626,0.2665,3.0,0.334,8.9365,1
0.6867,5.1647,0.5527,0.5269,3.0,0.4885,3.5322,1
0.5397,5.1062,0.1527,0.46,4.0,0.6166,5.739,1
0.6609,2.591,0.3406,0.2788,0.0,0.89,2.2838,0
0.6838,2.7557,0.2984,0.3385,3.0,0.5865,2.5371,0
0.6969,3.1069,0.0923,0.252,2.0,0.4941,3.9876,0
0.7316,4.1692,0.2577,0.2559,2.0,0.6414,5.0566,1
0.3978,2.3989,0.3286,0.5044,3.0,0.7069,8.0002,1
0.5818,2.4325,0.4569,0.4572,1.0,0.8612,3.6293,0
0.7599,2.7391,0.2285,0.58,5.0,0.4711,7.6311,1
0.604,4.3791,0.2617,0.5394,7.0,0.6633,7.4194,1
0.7957,2.7393,0.2096,0.0978,3.0,0.7231,5.6718,0
0.4426,4.2171,0.3731,0.6356,2.0,0.6771,9.6088,1
0.8473,2.6816,0.204,0.1002,1.0,0.6635,3.1536,0
0.8745,2.5753,0.1494,0.3846,1.0,0.8399,4.2247,0
0.6866,2.05,0.2507,0.224,1.0,0.8651,2.3293,0
0.7081,0.8,0.13,0.3823,3.0,0.6328,3.3924,0
0.5489,2.5926,0.3353,0.3413,1.0,0.5761,2.9458,0
0.4925,3.5845,0.3543,0.6253,3.0,0.3728,6.2984,1
0.5948,1.3505,0.2336,0.3712,2.0,0.7855,2.2971,0
0.6487,3.4525,0.2209,0.5633,2.0,0.6979,8.6267,1
0.712,4.0103,0.0382,0.2794,3.0,0.4717,3.9772,1
0.4711,3.8546,0.3113,0.3881,3.0,0.2812,7.7575,1
0.6105,5.327,0.1674,0.4645,2.0,0.6285,8.3033,1
0.6413,4.581,0.6588,0.3803,4.0,0.4562,6.2457,1
0.549,3.2938,0.3125,0.4862,2.0,0.6747,3.4175,0
0.7148,2.8478,0.1981,0.2716,2.0,0.5743,2.8646,0
0.6297,4.0528,0.2706,0.6462,5.0,0.4506,4.0615,1
0.7858,1.836,0.2193,0.0643,1.0,0.8057,3.6517,0
0.4572,3.3441,0.6312,0.4581,9.0,0.6366,5.1311,1
0.521,4.4857,0.3908,0.2148,2.0,0.3933,5.3569,1
0.8962,2.9399,0.0,0.2505,4.0,0.687,4.052,0
0.5808,2.0372,0.174,0.5733,5.0,0.5917,7.8011,1
0.5725,4.0004,0.2966,0.2331,5.0,0.67,6.4151,1
0.7589,2.4083,0.3407,0.558,3.0,0.6172,2.2622,0
0.627,4.9544,0.4295,0.374,10.0,0.558,7.5117,1
0.6331,3.7235,0.4211,0.6611,4.0,0.6164,5.7569,1
0.7662,0.8,0.1448,0.1172,3.0,0.8559,4.2877,0
0.5504,2.3232,0.0,0.0715,3.0,0.809,3.6218,0
0.7825,1.5043,0.0798,0.151,2.0,0.442,3.786,0
0.8708,1.4639,0.1939,0.1342,3.0,0.8068,3.6981,0
1.0,1.4179,0.1982,0.313,3.0,0.6039,3.0811,0
0.7078,3.4795,0.1991,0.4388,3.0,0.2994,9.4883,1
0.8786,2.8863,0.0701,0.2662,1.0,0.8447,2.6999,0
0.5238,1.7785,0.3718,0.647,3.0,0.4128,6.6871,1
0.8626,2.9662,0.4324,0.3777,0.0,0.6014,2.7651,0
0.4564,1.3223,0.0159,0.0,0.0,0.6703,2.9621,0
0.7067,3.5755,0.236,0.4563,2.0,0.5488,6.8251,1
0.764,3.6164,0.2171,0.4651,6.0,0.6968,5.5241,1
0.6025,4.7669,0.4505,0.5304,4.0,0.3355,5.5428,1
0.8845,3.5122,0.1951,0.4087,1.0,0.6836,4.3378,0
0.6811,3.685,0.195,0.4994,4.0,0.4865,7.4283,1
0.7512,2.201,0.0318,0.1275,2.0,0.536,1.5244,0
0.6791,3.431,0.2524,0.5527,6.0,0.3657,6.2882,1
0.5982,1.9487,0.1367,0.0072,1.0,0.7464,5.0661,0
0.7219,3.9938,0.2436,0.4008,4.0,0.5377,4.6251,1
0.7578,2.417,0.2039,0.0043,3.0,0.7007,2.1667,0
0.7265,2.8467,0.1843,0.3431,1.0,0.3131,4.3698,0
0.2552,2.7914,0.3648,0.4569,2.0,0.4773,4.7025,1
0.9774,2.2518,0.1583,0.4355,2.0,0.9049,3.8222,0
0.2869,1.8378,0.5328,0.35,7.0,0.3556,8.0414,1
0.5874,3.3667,0.1227,0.1686,1.0,0.7149,3.0574,0
1.0,2.4477,0.1011,0.1602,2.0,0.4917,4.0392,0
0.5791,1.95,0.3549,0.2712,2.0,0.7676,2.6406,0
0.4808,3.0887,0.5257,0.5983,8.0,0.1708,9.0758,1
0.6363,3.7997,0.1801,0.3876,1.0,0.9143,2.8462,0
0.4379,2.3336,0.2585,0.714,4.0,0.1,6.96,1
0.7131,2.4304,0.2834,0.3227,3.0,0.5193,2.6367,0
0.6091,3.268,0.1607,0.671,5.0,0.4786,4.9648,1
0.4837,2.8597,0.4101,0.3664,4.0,0.4313,7.4861,1
0.798,3.1713,0.1852,0.3286,3.0,0.8055,1.9081,0
0.4299,5.6624,0.2813,0.419,1.0,0.3595,7.934,1
0.6711,2.1993,0.3671,0.5274,1.0,0.4526,4.5815,1
0.7192,2.4416,0.1684,0.207,1.0,0.7258,4.9401,0
0.599,3.3512,0.555,0.4314,3.0,0.1382,8.2612,1
0.6383,2.2615,0.2039,0.3734,2.0,0.6189,6.5471,1
0.5939,4.4215,0.2036,0.0843,1.0,0.6605,3.7251,0
0.4604,3.6538,0.1865,0.6443,6.0,0.5568,8.8789,1
0.3811,2.5027,0.4009,0.3787,8.0,0.4501,7.0855,1
0.9091,4.6832,0.3721,0.5688,4.0,0.2865,4.6698,1
0.8195,1.6013,0.127,0.206,3.0,0.775,3.2429,0
0.6573,5.6332,0.289,0.4548,4.0,0.3114,4.3249,1
0.7785,2.1211,0.2237,0.2447,1.0,0.6119,3.845,0
0.5807,3.9292,0.3473,0.5902,4.0,0.5025,5.8518,1
0.8537,1.8612,0.1422,0.2751,1.0,0.6018,2.6534,0
0.6709,1.7614,0.0306,0.1342,0.0,0.662,2.999,0
0.7728,3.7084,0.2938,0.4076,1.0,0.2397,4.3608,1
0.7819,4.0929,0.4019,0.377,3.0,0.6555,6.6208,1
0.6162,3.2212,0.0254,0.2794,1.0,0.4365,5.5433,1
0.5992,2.4859,0.3351,0.1735,4.0,0.4282,7.2564,1
0.4885,5.8463,0.4374,0.6627,7.0,0.459,9.2665,1
0.8801,4.6171,0.2055,0.4637,4.0,0.5628,3.3646,1
0.4411,4.1974,0.4135,0.7716,1.0,0.6948,7.4282,1
